"state","district","candidate","party","writein","votes","office","stage","special","year","state_po","state_fips","state_cen","state_ic","mode","version"
"Virginia","1","Terry Kilgore","republican","FALSE",16748,"House of Delegates","gen","FALSE",2019,"VA",51,54,40,"total","11/14/2019 12:00 PM"
"Virginia","1","[Write-in]","","TRUE",623,"House of Delegates","gen","FALSE",2019,"VA",51,54,40,"total","11/14/2019 12:00 PM"
"Virginia","10","Gwendolyn Gooditis","democrat","FALSE",16054,"House of Delegates","gen","FALSE",2019,"VA",51,54,40,"total","11/14/2019 12:00 PM"
"Virginia","10","John Minchew","republican","FALSE",14558,"House of Delegates","gen","FALSE",2019,"VA",51,54,40,"total","11/14/2019 12:00 PM"
"Virginia","10","[Write-in]","","TRUE",21,"House of Delegates","gen","FALSE",2019,"VA",51,54,40,"total","11/14/2019 12:00 PM"
"Virginia","100","Philip Hernandez","democrat","FALSE",10986,"House of Delegates","gen","FALSE",2019,"VA",51,54,40,"total","11/14/2019 12:00 PM"
"Virginia","100","Robert Bloxom","republican","FALSE",11869,"House of Delegates","gen","FALSE",2019,"VA",51,54,40,"total","11/14/2019 12:00 PM"
"Virginia","100","[Write-in]","","TRUE",17,"House of Delegates","gen","FALSE",2019,"VA",51,54,40,"total","11/14/2019 12:00 PM"
"Virginia","11","Salam Rasoul","democrat","FALSE",10269,"House of Delegates","gen","FALSE",2019,"VA",51,54,40,"total","11/14/2019 12:00 PM"
"Virginia","11","[Write-in]","","TRUE",611,"House of Delegates","gen","FALSE",2019,"VA",51,54,40,"total","11/14/2019 12:00 PM"
"Virginia","12","Christopher Hurst","democrat","FALSE",11135,"House of Delegates","gen","FALSE",2019,"VA",51,54,40,"total","11/14/2019 12:00 PM"
"Virginia","12","Travis Hite","republican","FALSE",9643,"House of Delegates","gen","FALSE",2019,"VA",51,54,40,"total","11/14/2019 12:00 PM"
"Virginia","12","[Write-in]","","TRUE",12,"House of Delegates","gen","FALSE",2019,"VA",51,54,40,"total","11/14/2019 12:00 PM"
"Virginia","13","Danica Roem","democrat","FALSE",12066,"House of Delegates","gen","FALSE",2019,"VA",51,54,40,"total","11/14/2019 12:00 PM"
"Virginia","13","Kelly McGinn","republican","FALSE",9468,"House of Delegates","gen","FALSE",2019,"VA",51,54,40,"total","11/14/2019 12:00 PM"
"Virginia","13","[Write-in]","","TRUE",46,"House of Delegates","gen","FALSE",2019,"VA",51,54,40,"total","11/14/2019 12:00 PM"
"Virginia","14","Daniel Marshall","republican","FALSE",12139,"House of Delegates","gen","FALSE",2019,"VA",51,54,40,"total","11/14/2019 12:00 PM"
"Virginia","14","Eric Stamps","democrat","FALSE",7654,"House of Delegates","gen","FALSE",2019,"VA",51,54,40,"total","11/14/2019 12:00 PM"
"Virginia","14","[Write-in]","","TRUE",26,"House of Delegates","gen","FALSE",2019,"VA",51,54,40,"total","11/14/2019 12:00 PM"
"Virginia","15","Beverly Harrison","democrat","FALSE",6493,"House of Delegates","gen","FALSE",2019,"VA",51,54,40,"total","11/14/2019 12:00 PM"
"Virginia","15","Christopher Gilbert","republican","FALSE",18914,"House of Delegates","gen","FALSE",2019,"VA",51,54,40,"total","11/14/2019 12:00 PM"
"Virginia","15","[Write-in]","","TRUE",31,"House of Delegates","gen","FALSE",2019,"VA",51,54,40,"total","11/14/2019 12:00 PM"
"Virginia","16","Dustin Evans","libertarian","FALSE",4402,"House of Delegates","gen","FALSE",2019,"VA",51,54,40,"total","11/14/2019 12:00 PM"
"Virginia","16","Leslie Adams","republican","FALSE",13146,"House of Delegates","gen","FALSE",2019,"VA",51,54,40,"total","11/14/2019 12:00 PM"
"Virginia","16","[Write-in]","","TRUE",83,"House of Delegates","gen","FALSE",2019,"VA",51,54,40,"total","11/14/2019 12:00 PM"
"Virginia","17","Christopher Head","republican","FALSE",15286,"House of Delegates","gen","FALSE",2019,"VA",51,54,40,"total","11/14/2019 12:00 PM"
"Virginia","17","[Write-in]","","TRUE",1058,"House of Delegates","gen","FALSE",2019,"VA",51,54,40,"total","11/14/2019 12:00 PM"
"Virginia","18","Laura Galante","democrat","FALSE",10727,"House of Delegates","gen","FALSE",2019,"VA",51,54,40,"total","11/14/2019 12:00 PM"
"Virginia","18","Michael Webert","republican","FALSE",16648,"House of Delegates","gen","FALSE",2019,"VA",51,54,40,"total","11/14/2019 12:00 PM"
"Virginia","18","[Write-in]","","TRUE",232,"House of Delegates","gen","FALSE",2019,"VA",51,54,40,"total","11/14/2019 12:00 PM"
"Virginia","19","Terry Austin","republican","FALSE",19331,"House of Delegates","gen","FALSE",2019,"VA",51,54,40,"total","11/14/2019 12:00 PM"
"Virginia","19","[Write-in]","","TRUE",592,"House of Delegates","gen","FALSE",2019,"VA",51,54,40,"total","11/14/2019 12:00 PM"
"Virginia","2","Heather Mitchell","republican","FALSE",7563,"House of Delegates","gen","FALSE",2019,"VA",51,54,40,"total","11/14/2019 12:00 PM"
"Virginia","2","Jennifer Carroll Foy","democrat","FALSE",11828,"House of Delegates","gen","FALSE",2019,"VA",51,54,40,"total","11/14/2019 12:00 PM"
"Virginia","2","[Write-in]","","TRUE",28,"House of Delegates","gen","FALSE",2019,"VA",51,54,40,"total","11/14/2019 12:00 PM"
"Virginia","20","Gianfranco Avoli","republican","FALSE",14706,"House of Delegates","gen","FALSE",2019,"VA",51,54,40,"total","11/14/2019 12:00 PM"
"Virginia","20","Jennifer Lewis","democrat","FALSE",10406,"House of Delegates","gen","FALSE",2019,"VA",51,54,40,"total","11/14/2019 12:00 PM"
"Virginia","20","[Write-in]","","TRUE",39,"House of Delegates","gen","FALSE",2019,"VA",51,54,40,"total","11/14/2019 12:00 PM"
"Virginia","21","Kelly Convirs-Fowler","democrat","FALSE",12402,"House of Delegates","gen","FALSE",2019,"VA",51,54,40,"total","11/14/2019 12:00 PM"
"Virginia","21","Shannon Kane","republican","FALSE",10300,"House of Delegates","gen","FALSE",2019,"VA",51,54,40,"total","11/14/2019 12:00 PM"
"Virginia","21","[Write-in]","","TRUE",45,"House of Delegates","gen","FALSE",2019,"VA",51,54,40,"total","11/14/2019 12:00 PM"
"Virginia","22","Jennifer Woofter","democrat","FALSE",6452,"House of Delegates","gen","FALSE",2019,"VA",51,54,40,"total","11/14/2019 12:00 PM"
"Virginia","22","Kathy Byron","republican","FALSE",14389,"House of Delegates","gen","FALSE",2019,"VA",51,54,40,"total","11/14/2019 12:00 PM"
"Virginia","22","[Write-in]","","TRUE",35,"House of Delegates","gen","FALSE",2019,"VA",51,54,40,"total","11/14/2019 12:00 PM"
"Virginia","23","David Zilles","democrat","FALSE",7609,"House of Delegates","gen","FALSE",2019,"VA",51,54,40,"total","11/14/2019 12:00 PM"
"Virginia","23","Wendell Walker","republican","FALSE",13529,"House of Delegates","gen","FALSE",2019,"VA",51,54,40,"total","11/14/2019 12:00 PM"
"Virginia","23","[Write-in]","","TRUE",53,"House of Delegates","gen","FALSE",2019,"VA",51,54,40,"total","11/14/2019 12:00 PM"
"Virginia","24","Billy Fishpaw","independent","FALSE",292,"House of Delegates","gen","FALSE",2019,"VA",51,54,40,"total","11/14/2019 12:00 PM"
"Virginia","24","Christian Worth","democrat","FALSE",7737,"House of Delegates","gen","FALSE",2019,"VA",51,54,40,"total","11/14/2019 12:00 PM"
"Virginia","24","Ronnie Campbell","republican","FALSE",15653,"House of Delegates","gen","FALSE",2019,"VA",51,54,40,"total","11/14/2019 12:00 PM"
"Virginia","24","[Write-in]","","TRUE",19,"House of Delegates","gen","FALSE",2019,"VA",51,54,40,"total","11/14/2019 12:00 PM"
"Virginia","25","Christopher Runion","republican","FALSE",16747,"House of Delegates","gen","FALSE",2019,"VA",51,54,40,"total","11/14/2019 12:00 PM"
"Virginia","25","Janice Allen","independent","FALSE",515,"House of Delegates","gen","FALSE",2019,"VA",51,54,40,"total","11/14/2019 12:00 PM"
"Virginia","25","Jennifer Kitchen","democrat","FALSE",11517,"House of Delegates","gen","FALSE",2019,"VA",51,54,40,"total","11/14/2019 12:00 PM"
"Virginia","25","[Write-in]","","TRUE",72,"House of Delegates","gen","FALSE",2019,"VA",51,54,40,"total","11/14/2019 12:00 PM"
"Virginia","26","Brent Finnegan","democrat","FALSE",8725,"House of Delegates","gen","FALSE",2019,"VA",51,54,40,"total","11/14/2019 12:00 PM"
"Virginia","26","Tony Wilt","republican","FALSE",10273,"House of Delegates","gen","FALSE",2019,"VA",51,54,40,"total","11/14/2019 12:00 PM"
"Virginia","26","[Write-in]","","TRUE",31,"House of Delegates","gen","FALSE",2019,"VA",51,54,40,"total","11/14/2019 12:00 PM"
"Virginia","27","Lawrence Barnett","democrat","FALSE",15094,"House of Delegates","gen","FALSE",2019,"VA",51,54,40,"total","11/14/2019 12:00 PM"
"Virginia","27","Roxann Robinson","republican","FALSE",15288,"House of Delegates","gen","FALSE",2019,"VA",51,54,40,"total","11/14/2019 12:00 PM"
"Virginia","27","[Write-in]","","TRUE",38,"House of Delegates","gen","FALSE",2019,"VA",51,54,40,"total","11/14/2019 12:00 PM"
"Virginia","28","Joshua Cole","democrat","FALSE",13335,"House of Delegates","gen","FALSE",2019,"VA",51,54,40,"total","11/14/2019 12:00 PM"
"Virginia","28","Paul Milde","republican","FALSE",12294,"House of Delegates","gen","FALSE",2019,"VA",51,54,40,"total","11/14/2019 12:00 PM"
"Virginia","28","[Write-in]","","TRUE",101,"House of Delegates","gen","FALSE",2019,"VA",51,54,40,"total","11/14/2019 12:00 PM"
"Virginia","29","Christopher Collins","republican","FALSE",15532,"House of Delegates","gen","FALSE",2019,"VA",51,54,40,"total","11/14/2019 12:00 PM"
"Virginia","29","Irina Khanin","democrat","FALSE",8585,"House of Delegates","gen","FALSE",2019,"VA",51,54,40,"total","11/14/2019 12:00 PM"
"Virginia","29","[Write-in]","","TRUE",20,"House of Delegates","gen","FALSE",2019,"VA",51,54,40,"total","11/14/2019 12:00 PM"
"Virginia","3","James Morefield","republican","FALSE",17099,"House of Delegates","gen","FALSE",2019,"VA",51,54,40,"total","11/14/2019 12:00 PM"
"Virginia","3","[Write-in]","","TRUE",343,"House of Delegates","gen","FALSE",2019,"VA",51,54,40,"total","11/14/2019 12:00 PM"
"Virginia","30","Ann Ridgeway","democrat","FALSE",11003,"House of Delegates","gen","FALSE",2019,"VA",51,54,40,"total","11/14/2019 12:00 PM"
"Virginia","30","[Write-in]","","TRUE",15130,"House of Delegates","gen","FALSE",2019,"VA",51,54,40,"total","11/14/2019 12:00 PM"
"Virginia","31","Darrell Jordan","republican","FALSE",13125,"House of Delegates","gen","FALSE",2019,"VA",51,54,40,"total","11/14/2019 12:00 PM"
"Virginia","31","Elizabeth Guzman","democrat","FALSE",14630,"House of Delegates","gen","FALSE",2019,"VA",51,54,40,"total","11/14/2019 12:00 PM"
"Virginia","31","[Write-in]","","TRUE",52,"House of Delegates","gen","FALSE",2019,"VA",51,54,40,"total","11/14/2019 12:00 PM"
"Virginia","32","David Reid","democrat","FALSE",20462,"House of Delegates","gen","FALSE",2019,"VA",51,54,40,"total","11/14/2019 12:00 PM"
"Virginia","32","[Write-in]","","TRUE",1632,"House of Delegates","gen","FALSE",2019,"VA",51,54,40,"total","11/14/2019 12:00 PM"
"Virginia","33","David Larock","republican","FALSE",17671,"House of Delegates","gen","FALSE",2019,"VA",51,54,40,"total","11/14/2019 12:00 PM"
"Virginia","33","Mavis Taintor","democrat","FALSE",13433,"House of Delegates","gen","FALSE",2019,"VA",51,54,40,"total","11/14/2019 12:00 PM"
"Virginia","33","[Write-in]","","TRUE",34,"House of Delegates","gen","FALSE",2019,"VA",51,54,40,"total","11/14/2019 12:00 PM"
"Virginia","34","Gary Pan","republican","FALSE",12209,"House of Delegates","gen","FALSE",2019,"VA",51,54,40,"total","11/14/2019 12:00 PM"
"Virginia","34","Kathleen Murphy","democrat","FALSE",17135,"House of Delegates","gen","FALSE",2019,"VA",51,54,40,"total","11/14/2019 12:00 PM"
"Virginia","34","[Write-in]","","TRUE",25,"House of Delegates","gen","FALSE",2019,"VA",51,54,40,"total","11/14/2019 12:00 PM"
"Virginia","35","Mark Keam","democrat","FALSE",17182,"House of Delegates","gen","FALSE",2019,"VA",51,54,40,"total","11/14/2019 12:00 PM"
"Virginia","35","[Write-in]","","TRUE",1344,"House of Delegates","gen","FALSE",2019,"VA",51,54,40,"total","11/14/2019 12:00 PM"
"Virginia","36","Kenneth Plum","democrat","FALSE",19539,"House of Delegates","gen","FALSE",2019,"VA",51,54,40,"total","11/14/2019 12:00 PM"
"Virginia","36","[Write-in]","","TRUE",1485,"House of Delegates","gen","FALSE",2019,"VA",51,54,40,"total","11/14/2019 12:00 PM"
"Virginia","37","David Bulova","democrat","FALSE",14239,"House of Delegates","gen","FALSE",2019,"VA",51,54,40,"total","11/14/2019 12:00 PM"
"Virginia","37","[Write-in]","","TRUE",1257,"House of Delegates","gen","FALSE",2019,"VA",51,54,40,"total","11/14/2019 12:00 PM"
"Virginia","38","Laura Kory","democrat","FALSE",13914,"House of Delegates","gen","FALSE",2019,"VA",51,54,40,"total","11/14/2019 12:00 PM"
"Virginia","38","[Write-in]","","TRUE",1006,"House of Delegates","gen","FALSE",2019,"VA",51,54,40,"total","11/14/2019 12:00 PM"
"Virginia","39","Nicholas O'Connell Bell","republican","FALSE",7246,"House of Delegates","gen","FALSE",2019,"VA",51,54,40,"total","11/14/2019 12:00 PM"
"Virginia","39","Vivian Watts","democrat","FALSE",15753,"House of Delegates","gen","FALSE",2019,"VA",51,54,40,"total","11/14/2019 12:00 PM"
"Virginia","39","[Write-in]","","TRUE",53,"House of Delegates","gen","FALSE",2019,"VA",51,54,40,"total","11/14/2019 12:00 PM"
"Virginia","4","Starla Kiser","democrat","FALSE",8461,"House of Delegates","gen","FALSE",2019,"VA",51,54,40,"total","11/14/2019 12:00 PM"
"Virginia","4","William Wampler","republican","FALSE",14386,"House of Delegates","gen","FALSE",2019,"VA",51,54,40,"total","11/14/2019 12:00 PM"
"Virginia","4","[Write-in]","","TRUE",21,"House of Delegates","gen","FALSE",2019,"VA",51,54,40,"total","11/14/2019 12:00 PM"
"Virginia","40","Daniel Helmer","democrat","FALSE",15905,"House of Delegates","gen","FALSE",2019,"VA",51,54,40,"total","11/14/2019 12:00 PM"
"Virginia","40","Timothy Hugo","republican","FALSE",14452,"House of Delegates","gen","FALSE",2019,"VA",51,54,40,"total","11/14/2019 12:00 PM"
"Virginia","40","[Write-in]","","TRUE",35,"House of Delegates","gen","FALSE",2019,"VA",51,54,40,"total","11/14/2019 12:00 PM"
"Virginia","41","Eileen Filler-Corn","democrat","FALSE",17302,"House of Delegates","gen","FALSE",2019,"VA",51,54,40,"total","11/14/2019 12:00 PM"
"Virginia","41","John Wolfe","independent","FALSE",4568,"House of Delegates","gen","FALSE",2019,"VA",51,54,40,"total","11/14/2019 12:00 PM"
"Virginia","41","Rachel Mace","libertarian","FALSE",1875,"House of Delegates","gen","FALSE",2019,"VA",51,54,40,"total","11/14/2019 12:00 PM"
"Virginia","41","[Write-in]","","TRUE",428,"House of Delegates","gen","FALSE",2019,"VA",51,54,40,"total","11/14/2019 12:00 PM"
"Virginia","42","Kathy Tran","democrat","FALSE",16167,"House of Delegates","gen","FALSE",2019,"VA",51,54,40,"total","11/14/2019 12:00 PM"
"Virginia","42","Steven Adragna","republican","FALSE",10903,"House of Delegates","gen","FALSE",2019,"VA",51,54,40,"total","11/14/2019 12:00 PM"
"Virginia","42","[Write-in]","","TRUE",30,"House of Delegates","gen","FALSE",2019,"VA",51,54,40,"total","11/14/2019 12:00 PM"
"Virginia","43","Glenda Parker","independent","FALSE",4216,"House of Delegates","gen","FALSE",2019,"VA",51,54,40,"total","11/14/2019 12:00 PM"
"Virginia","43","Mark Sickles","democrat","FALSE",15930,"House of Delegates","gen","FALSE",2019,"VA",51,54,40,"total","11/14/2019 12:00 PM"
"Virginia","43","[Write-in]","","TRUE",330,"House of Delegates","gen","FALSE",2019,"VA",51,54,40,"total","11/14/2019 12:00 PM"
"Virginia","44","Paul Krizek","democrat","FALSE",13713,"House of Delegates","gen","FALSE",2019,"VA",51,54,40,"total","11/14/2019 12:00 PM"
"Virginia","44","Richard Hayden","republican","FALSE",5667,"House of Delegates","gen","FALSE",2019,"VA",51,54,40,"total","11/14/2019 12:00 PM"
"Virginia","44","[Write-in]","","TRUE",27,"House of Delegates","gen","FALSE",2019,"VA",51,54,40,"total","11/14/2019 12:00 PM"
"Virginia","45","Mark Levine","democrat","FALSE",19822,"House of Delegates","gen","FALSE",2019,"VA",51,54,40,"total","11/14/2019 12:00 PM"
"Virginia","45","[Write-in]","","TRUE",1852,"House of Delegates","gen","FALSE",2019,"VA",51,54,40,"total","11/14/2019 12:00 PM"
"Virginia","46","Charniele Herring","democrat","FALSE",12287,"House of Delegates","gen","FALSE",2019,"VA",51,54,40,"total","11/14/2019 12:00 PM"
"Virginia","46","[Write-in]","","TRUE",1064,"House of Delegates","gen","FALSE",2019,"VA",51,54,40,"total","11/14/2019 12:00 PM"
"Virginia","47","Patrick Hope","democrat","FALSE",20860,"House of Delegates","gen","FALSE",2019,"VA",51,54,40,"total","11/14/2019 12:00 PM"
"Virginia","47","[Write-in]","","TRUE",845,"House of Delegates","gen","FALSE",2019,"VA",51,54,40,"total","11/14/2019 12:00 PM"
"Virginia","48","Richard Sullivan","democrat","FALSE",19757,"House of Delegates","gen","FALSE",2019,"VA",51,54,40,"total","11/14/2019 12:00 PM"
"Virginia","48","[Write-in]","","TRUE",1221,"House of Delegates","gen","FALSE",2019,"VA",51,54,40,"total","11/14/2019 12:00 PM"
"Virginia","49","Alfonso Lopez","democrat","FALSE",13591,"House of Delegates","gen","FALSE",2019,"VA",51,54,40,"total","11/14/2019 12:00 PM"
"Virginia","49","Terrence Modglin","independent","FALSE",2559,"House of Delegates","gen","FALSE",2019,"VA",51,54,40,"total","11/14/2019 12:00 PM"
"Virginia","49","[Write-in]","","TRUE",140,"House of Delegates","gen","FALSE",2019,"VA",51,54,40,"total","11/14/2019 12:00 PM"
"Virginia","5","Israel Oquinn","republican","FALSE",18490,"House of Delegates","gen","FALSE",2019,"VA",51,54,40,"total","11/14/2019 12:00 PM"
"Virginia","5","[Write-in]","","TRUE",444,"House of Delegates","gen","FALSE",2019,"VA",51,54,40,"total","11/14/2019 12:00 PM"
"Virginia","50","Ian Lovejoy","republican","FALSE",9336,"House of Delegates","gen","FALSE",2019,"VA",51,54,40,"total","11/14/2019 12:00 PM"
"Virginia","50","Lee Carter","democrat","FALSE",10701,"House of Delegates","gen","FALSE",2019,"VA",51,54,40,"total","11/14/2019 12:00 PM"
"Virginia","50","[Write-in]","","TRUE",56,"House of Delegates","gen","FALSE",2019,"VA",51,54,40,"total","11/14/2019 12:00 PM"
"Virginia","51","Hala Ayala","democrat","FALSE",15508,"House of Delegates","gen","FALSE",2019,"VA",51,54,40,"total","11/14/2019 12:00 PM"
"Virginia","51","Richard Anderson","republican","FALSE",12882,"House of Delegates","gen","FALSE",2019,"VA",51,54,40,"total","11/14/2019 12:00 PM"
"Virginia","51","[Write-in]","","TRUE",34,"House of Delegates","gen","FALSE",2019,"VA",51,54,40,"total","11/14/2019 12:00 PM"
"Virginia","52","Luke Torian","democrat","FALSE",11554,"House of Delegates","gen","FALSE",2019,"VA",51,54,40,"total","11/14/2019 12:00 PM"
"Virginia","52","Maria Martin","republican","FALSE",4208,"House of Delegates","gen","FALSE",2019,"VA",51,54,40,"total","11/14/2019 12:00 PM"
"Virginia","52","[Write-in]","","TRUE",67,"House of Delegates","gen","FALSE",2019,"VA",51,54,40,"total","11/14/2019 12:00 PM"
"Virginia","53","Marcus Simon","democrat","FALSE",16607,"House of Delegates","gen","FALSE",2019,"VA",51,54,40,"total","11/14/2019 12:00 PM"
"Virginia","53","[Write-in]","","TRUE",1090,"House of Delegates","gen","FALSE",2019,"VA",51,54,40,"total","11/14/2019 12:00 PM"
"Virginia","54","Neri Canahui-Ortiz","democrat","FALSE",9852,"House of Delegates","gen","FALSE",2019,"VA",51,54,40,"total","11/14/2019 12:00 PM"
"Virginia","54","Robert Orrock","republican","FALSE",13614,"House of Delegates","gen","FALSE",2019,"VA",51,54,40,"total","11/14/2019 12:00 PM"
"Virginia","54","[Write-in]","","TRUE",27,"House of Delegates","gen","FALSE",2019,"VA",51,54,40,"total","11/14/2019 12:00 PM"
"Virginia","55","Hyland Fowler","republican","FALSE",17356,"House of Delegates","gen","FALSE",2019,"VA",51,54,40,"total","11/14/2019 12:00 PM"
"Virginia","55","Morgan Goodman","democrat","FALSE",11508,"House of Delegates","gen","FALSE",2019,"VA",51,54,40,"total","11/14/2019 12:00 PM"
"Virginia","55","[Write-in]","","TRUE",43,"House of Delegates","gen","FALSE",2019,"VA",51,54,40,"total","11/14/2019 12:00 PM"
"Virginia","56","John McGuire","republican","FALSE",20250,"House of Delegates","gen","FALSE",2019,"VA",51,54,40,"total","11/14/2019 12:00 PM"
"Virginia","56","Juanita Matkins","democrat","FALSE",12929,"House of Delegates","gen","FALSE",2019,"VA",51,54,40,"total","11/14/2019 12:00 PM"
"Virginia","56","[Write-in]","","TRUE",36,"House of Delegates","gen","FALSE",2019,"VA",51,54,40,"total","11/14/2019 12:00 PM"
"Virginia","57","Sally Hudson","democrat","FALSE",21365,"House of Delegates","gen","FALSE",2019,"VA",51,54,40,"total","11/14/2019 12:00 PM"
"Virginia","57","[Write-in]","","TRUE",866,"House of Delegates","gen","FALSE",2019,"VA",51,54,40,"total","11/14/2019 12:00 PM"
"Virginia","58","Elizabeth Alcorn","democrat","FALSE",10922,"House of Delegates","gen","FALSE",2019,"VA",51,54,40,"total","11/14/2019 12:00 PM"
"Virginia","58","Robert Bell","republican","FALSE",18217,"House of Delegates","gen","FALSE",2019,"VA",51,54,40,"total","11/14/2019 12:00 PM"
"Virginia","58","[Write-in]","","TRUE",22,"House of Delegates","gen","FALSE",2019,"VA",51,54,40,"total","11/14/2019 12:00 PM"
"Virginia","59","Charles Fariss","republican","FALSE",16447,"House of Delegates","gen","FALSE",2019,"VA",51,54,40,"total","11/14/2019 12:00 PM"
"Virginia","59","Timothy Hickey","democrat","FALSE",9543,"House of Delegates","gen","FALSE",2019,"VA",51,54,40,"total","11/14/2019 12:00 PM"
"Virginia","59","[Write-in]","","TRUE",29,"House of Delegates","gen","FALSE",2019,"VA",51,54,40,"total","11/14/2019 12:00 PM"
"Virginia","6","James Barker","democrat","FALSE",5050,"House of Delegates","gen","FALSE",2019,"VA",51,54,40,"total","11/14/2019 12:00 PM"
"Virginia","6","Jeffrey Campbell","republican","FALSE",16879,"House of Delegates","gen","FALSE",2019,"VA",51,54,40,"total","11/14/2019 12:00 PM"
"Virginia","6","[Write-in]","","TRUE",35,"House of Delegates","gen","FALSE",2019,"VA",51,54,40,"total","11/14/2019 12:00 PM"
"Virginia","60","James Edmunds","republican","FALSE",14461,"House of Delegates","gen","FALSE",2019,"VA",51,54,40,"total","11/14/2019 12:00 PM"
"Virginia","60","Janie Zimmerman","democrat","FALSE",7351,"House of Delegates","gen","FALSE",2019,"VA",51,54,40,"total","11/14/2019 12:00 PM"
"Virginia","60","[Write-in]","","TRUE",29,"House of Delegates","gen","FALSE",2019,"VA",51,54,40,"total","11/14/2019 12:00 PM"
"Virginia","61","Thomas Wright","republican","FALSE",15474,"House of Delegates","gen","FALSE",2019,"VA",51,54,40,"total","11/14/2019 12:00 PM"
"Virginia","61","Trudy Berry","democrat","FALSE",7667,"House of Delegates","gen","FALSE",2019,"VA",51,54,40,"total","11/14/2019 12:00 PM"
"Virginia","61","[Write-in]","","TRUE",33,"House of Delegates","gen","FALSE",2019,"VA",51,54,40,"total","11/14/2019 12:00 PM"
"Virginia","62","Carrie Coyner","republican","FALSE",13177,"House of Delegates","gen","FALSE",2019,"VA",51,54,40,"total","11/14/2019 12:00 PM"
"Virginia","62","Lindsey Dougherty","democrat","FALSE",10699,"House of Delegates","gen","FALSE",2019,"VA",51,54,40,"total","11/14/2019 12:00 PM"
"Virginia","62","[Write-in]","","TRUE",46,"House of Delegates","gen","FALSE",2019,"VA",51,54,40,"total","11/14/2019 12:00 PM"
"Virginia","63","Lashrecse Aird","democrat","FALSE",12796,"House of Delegates","gen","FALSE",2019,"VA",51,54,40,"total","11/14/2019 12:00 PM"
"Virginia","63","Lawrence Haake","independent","FALSE",10290,"House of Delegates","gen","FALSE",2019,"VA",51,54,40,"total","11/14/2019 12:00 PM"
"Virginia","63","[Write-in]","","TRUE",160,"House of Delegates","gen","FALSE",2019,"VA",51,54,40,"total","11/14/2019 12:00 PM"
"Virginia","64","Emily Brewer","republican","FALSE",16181,"House of Delegates","gen","FALSE",2019,"VA",51,54,40,"total","11/14/2019 12:00 PM"
"Virginia","64","Michele Joyce","democrat","FALSE",10698,"House of Delegates","gen","FALSE",2019,"VA",51,54,40,"total","11/14/2019 12:00 PM"
"Virginia","64","[Write-in]","","TRUE",30,"House of Delegates","gen","FALSE",2019,"VA",51,54,40,"total","11/14/2019 12:00 PM"
"Virginia","65","Michael Asip","democrat","FALSE",13250,"House of Delegates","gen","FALSE",2019,"VA",51,54,40,"total","11/14/2019 12:00 PM"
"Virginia","65","Robert Ware","republican","FALSE",24714,"House of Delegates","gen","FALSE",2019,"VA",51,54,40,"total","11/14/2019 12:00 PM"
"Virginia","65","[Write-in]","","TRUE",29,"House of Delegates","gen","FALSE",2019,"VA",51,54,40,"total","11/14/2019 12:00 PM"
"Virginia","66","Linnard Harris","independent","FALSE",342,"House of Delegates","gen","FALSE",2019,"VA",51,54,40,"total","11/14/2019 12:00 PM"
"Virginia","66","Marvin Cox","republican","FALSE",14443,"House of Delegates","gen","FALSE",2019,"VA",51,54,40,"total","11/14/2019 12:00 PM"
"Virginia","66","Sheila Bynum-Coleman","democrat","FALSE",13140,"House of Delegates","gen","FALSE",2019,"VA",51,54,40,"total","11/14/2019 12:00 PM"
"Virginia","66","[Write-in]","","TRUE",21,"House of Delegates","gen","FALSE",2019,"VA",51,54,40,"total","11/14/2019 12:00 PM"
"Virginia","67","Karrie Delaney","democrat","FALSE",16853,"House of Delegates","gen","FALSE",2019,"VA",51,54,40,"total","11/14/2019 12:00 PM"
"Virginia","67","[Write-in]","","TRUE",2010,"House of Delegates","gen","FALSE",2019,"VA",51,54,40,"total","11/14/2019 12:00 PM"
"Virginia","68","Dawn Adams","democrat","FALSE",20887,"House of Delegates","gen","FALSE",2019,"VA",51,54,40,"total","11/14/2019 12:00 PM"
"Virginia","68","Garrison Coward","republican","FALSE",17325,"House of Delegates","gen","FALSE",2019,"VA",51,54,40,"total","11/14/2019 12:00 PM"
"Virginia","68","[Write-in]","","TRUE",40,"House of Delegates","gen","FALSE",2019,"VA",51,54,40,"total","11/14/2019 12:00 PM"
"Virginia","69","Betsy Carr","democrat","FALSE",18929,"House of Delegates","gen","FALSE",2019,"VA",51,54,40,"total","11/14/2019 12:00 PM"
"Virginia","69","[Write-in]","","TRUE",289,"House of Delegates","gen","FALSE",2019,"VA",51,54,40,"total","11/14/2019 12:00 PM"
"Virginia","7","Larry Rush","republican","FALSE",13842,"House of Delegates","gen","FALSE",2019,"VA",51,54,40,"total","11/14/2019 12:00 PM"
"Virginia","7","Rhonda Seltz","democrat","FALSE",6883,"House of Delegates","gen","FALSE",2019,"VA",51,54,40,"total","11/14/2019 12:00 PM"
"Virginia","7","[Write-in]","","TRUE",14,"House of Delegates","gen","FALSE",2019,"VA",51,54,40,"total","11/14/2019 12:00 PM"
"Virginia","70","Delores McQuinn","democrat","FALSE",19580,"House of Delegates","gen","FALSE",2019,"VA",51,54,40,"total","11/14/2019 12:00 PM"
"Virginia","70","[Write-in]","","TRUE",1085,"House of Delegates","gen","FALSE",2019,"VA",51,54,40,"total","11/14/2019 12:00 PM"
"Virginia","71","Jeffrey Bourne","democrat","FALSE",20308,"House of Delegates","gen","FALSE",2019,"VA",51,54,40,"total","11/14/2019 12:00 PM"
"Virginia","71","Peter Wells","libertarian","FALSE",2636,"House of Delegates","gen","FALSE",2019,"VA",51,54,40,"total","11/14/2019 12:00 PM"
"Virginia","71","[Write-in]","","TRUE",73,"House of Delegates","gen","FALSE",2019,"VA",51,54,40,"total","11/14/2019 12:00 PM"
"Virginia","72","Gay Vandergriff","republican","FALSE",14312,"House of Delegates","gen","FALSE",2019,"VA",51,54,40,"total","11/14/2019 12:00 PM"
"Virginia","72","Schuyler Vanvalkenburg","democrat","FALSE",16345,"House of Delegates","gen","FALSE",2019,"VA",51,54,40,"total","11/14/2019 12:00 PM"
"Virginia","72","[Write-in]","","TRUE",37,"House of Delegates","gen","FALSE",2019,"VA",51,54,40,"total","11/14/2019 12:00 PM"
"Virginia","73","Mary Kastelberg","republican","FALSE",13600,"House of Delegates","gen","FALSE",2019,"VA",51,54,40,"total","11/14/2019 12:00 PM"
"Virginia","73","Rodney Willett","democrat","FALSE",14974,"House of Delegates","gen","FALSE",2019,"VA",51,54,40,"total","11/14/2019 12:00 PM"
"Virginia","73","[Write-in]","","TRUE",44,"House of Delegates","gen","FALSE",2019,"VA",51,54,40,"total","11/14/2019 12:00 PM"
"Virginia","74","Lamont Bagby","democrat","FALSE",20449,"House of Delegates","gen","FALSE",2019,"VA",51,54,40,"total","11/14/2019 12:00 PM"
"Virginia","74","[Write-in]","","TRUE",927,"House of Delegates","gen","FALSE",2019,"VA",51,54,40,"total","11/14/2019 12:00 PM"
"Virginia","75","Howard Wachsmann","republican","FALSE",11840,"House of Delegates","gen","FALSE",2019,"VA",51,54,40,"total","11/14/2019 12:00 PM"
"Virginia","75","Roslyn Tyler","democrat","FALSE",12346,"House of Delegates","gen","FALSE",2019,"VA",51,54,40,"total","11/14/2019 12:00 PM"
"Virginia","75","[Write-in]","","TRUE",32,"House of Delegates","gen","FALSE",2019,"VA",51,54,40,"total","11/14/2019 12:00 PM"
"Virginia","76","Clinton Jenkins","democrat","FALSE",14943,"House of Delegates","gen","FALSE",2019,"VA",51,54,40,"total","11/14/2019 12:00 PM"
"Virginia","76","Steven Jones","republican","FALSE",11544,"House of Delegates","gen","FALSE",2019,"VA",51,54,40,"total","11/14/2019 12:00 PM"
"Virginia","76","[Write-in]","","TRUE",39,"House of Delegates","gen","FALSE",2019,"VA",51,54,40,"total","11/14/2019 12:00 PM"
"Virginia","77","Clifton Hayes","democrat","FALSE",14108,"House of Delegates","gen","FALSE",2019,"VA",51,54,40,"total","11/14/2019 12:00 PM"
"Virginia","77","[Write-in]","","TRUE",1326,"House of Delegates","gen","FALSE",2019,"VA",51,54,40,"total","11/14/2019 12:00 PM"
"Virginia","78","James Leftwich","republican","FALSE",16648,"House of Delegates","gen","FALSE",2019,"VA",51,54,40,"total","11/14/2019 12:00 PM"
"Virginia","78","[Write-in]","","TRUE",1589,"House of Delegates","gen","FALSE",2019,"VA",51,54,40,"total","11/14/2019 12:00 PM"
"Virginia","79","Stephen Heretick","democrat","FALSE",9041,"House of Delegates","gen","FALSE",2019,"VA",51,54,40,"total","11/14/2019 12:00 PM"
"Virginia","79","[Write-in]","","TRUE",1296,"House of Delegates","gen","FALSE",2019,"VA",51,54,40,"total","11/14/2019 12:00 PM"
"Virginia","8","Darlene Lewis","democrat","FALSE",7672,"House of Delegates","gen","FALSE",2019,"VA",51,54,40,"total","11/14/2019 12:00 PM"
"Virginia","8","Joseph McNamara","republican","FALSE",15193,"House of Delegates","gen","FALSE",2019,"VA",51,54,40,"total","11/14/2019 12:00 PM"
"Virginia","8","[Write-in]","","TRUE",35,"House of Delegates","gen","FALSE",2019,"VA",51,54,40,"total","11/14/2019 12:00 PM"
"Virginia","80","Don Scott","democrat","FALSE",12027,"House of Delegates","gen","FALSE",2019,"VA",51,54,40,"total","11/14/2019 12:00 PM"
"Virginia","80","James Evans","republican","FALSE",4236,"House of Delegates","gen","FALSE",2019,"VA",51,54,40,"total","11/14/2019 12:00 PM"
"Virginia","80","Ryan Benton","independent","FALSE",1930,"House of Delegates","gen","FALSE",2019,"VA",51,54,40,"total","11/14/2019 12:00 PM"
"Virginia","80","[Write-in]","","TRUE",37,"House of Delegates","gen","FALSE",2019,"VA",51,54,40,"total","11/14/2019 12:00 PM"
"Virginia","81","Barry Knight","republican","FALSE",11577,"House of Delegates","gen","FALSE",2019,"VA",51,54,40,"total","11/14/2019 12:00 PM"
"Virginia","81","Lenard Myers","democrat","FALSE",10607,"House of Delegates","gen","FALSE",2019,"VA",51,54,40,"total","11/14/2019 12:00 PM"
"Virginia","81","[Write-in]","","TRUE",34,"House of Delegates","gen","FALSE",2019,"VA",51,54,40,"total","11/14/2019 12:00 PM"
"Virginia","82","Gayle Johnson","democrat","FALSE",10840,"House of Delegates","gen","FALSE",2019,"VA",51,54,40,"total","11/14/2019 12:00 PM"
"Virginia","82","Jason Miyares","republican","FALSE",15771,"House of Delegates","gen","FALSE",2019,"VA",51,54,40,"total","11/14/2019 12:00 PM"
"Virginia","82","[Write-in]","","TRUE",29,"House of Delegates","gen","FALSE",2019,"VA",51,54,40,"total","11/14/2019 12:00 PM"
"Virginia","83","Christopher Stolle","republican","FALSE",10944,"House of Delegates","gen","FALSE",2019,"VA",51,54,40,"total","11/14/2019 12:00 PM"
"Virginia","83","Nancy Guy","democrat","FALSE",10970,"House of Delegates","gen","FALSE",2019,"VA",51,54,40,"total","11/14/2019 12:00 PM"
"Virginia","83","[Write-in]","","TRUE",39,"House of Delegates","gen","FALSE",2019,"VA",51,54,40,"total","11/14/2019 12:00 PM"
"Virginia","84","Glenn Davis","republican","FALSE",10582,"House of Delegates","gen","FALSE",2019,"VA",51,54,40,"total","11/14/2019 12:00 PM"
"Virginia","84","Karen Mallard","democrat","FALSE",10082,"House of Delegates","gen","FALSE",2019,"VA",51,54,40,"total","11/14/2019 12:00 PM"
"Virginia","84","[Write-in]","","TRUE",24,"House of Delegates","gen","FALSE",2019,"VA",51,54,40,"total","11/14/2019 12:00 PM"
"Virginia","85","Alex Askew","democrat","FALSE",12079,"House of Delegates","gen","FALSE",2019,"VA",51,54,40,"total","11/14/2019 12:00 PM"
"Virginia","85","Norman Holcomb","republican","FALSE",11277,"House of Delegates","gen","FALSE",2019,"VA",51,54,40,"total","11/14/2019 12:00 PM"
"Virginia","85","[Write-in]","","TRUE",36,"House of Delegates","gen","FALSE",2019,"VA",51,54,40,"total","11/14/2019 12:00 PM"
"Virginia","86","Ibraheem Samirah","democrat","FALSE",14724,"House of Delegates","gen","FALSE",2019,"VA",51,54,40,"total","11/14/2019 12:00 PM"
"Virginia","86","[Write-in]","","TRUE",1835,"House of Delegates","gen","FALSE",2019,"VA",51,54,40,"total","11/14/2019 12:00 PM"
"Virginia","87","Suhas Subramanyam","democrat","FALSE",17693,"House of Delegates","gen","FALSE",2019,"VA",51,54,40,"total","11/14/2019 12:00 PM"
"Virginia","87","William Drennan","republican","FALSE",10818,"House of Delegates","gen","FALSE",2019,"VA",51,54,40,"total","11/14/2019 12:00 PM"
"Virginia","87","[Write-in]","","TRUE",28,"House of Delegates","gen","FALSE",2019,"VA",51,54,40,"total","11/14/2019 12:00 PM"
"Virginia","88","Jessica Foster","democrat","FALSE",12013,"House of Delegates","gen","FALSE",2019,"VA",51,54,40,"total","11/14/2019 12:00 PM"
"Virginia","88","Mark Cole","republican","FALSE",15148,"House of Delegates","gen","FALSE",2019,"VA",51,54,40,"total","11/14/2019 12:00 PM"
"Virginia","88","[Write-in]","","TRUE",50,"House of Delegates","gen","FALSE",2019,"VA",51,54,40,"total","11/14/2019 12:00 PM"
"Virginia","89","Jerrauld Jones","democrat","FALSE",14397,"House of Delegates","gen","FALSE",2019,"VA",51,54,40,"total","11/14/2019 12:00 PM"
"Virginia","89","[Write-in]","","TRUE",576,"House of Delegates","gen","FALSE",2019,"VA",51,54,40,"total","11/14/2019 12:00 PM"
"Virginia","9","Charles Poindexter","republican","FALSE",19040,"House of Delegates","gen","FALSE",2019,"VA",51,54,40,"total","11/14/2019 12:00 PM"
"Virginia","9","[Write-in]","","TRUE",729,"House of Delegates","gen","FALSE",2019,"VA",51,54,40,"total","11/14/2019 12:00 PM"
"Virginia","90","Joseph Lindsey","democrat","FALSE",12352,"House of Delegates","gen","FALSE",2019,"VA",51,54,40,"total","11/14/2019 12:00 PM"
"Virginia","90","[Write-in]","","TRUE",1076,"House of Delegates","gen","FALSE",2019,"VA",51,54,40,"total","11/14/2019 12:00 PM"
"Virginia","91","Colleen Holcomb","republican","FALSE",9487,"House of Delegates","gen","FALSE",2019,"VA",51,54,40,"total","11/14/2019 12:00 PM"
"Virginia","91","Martha Mugler","democrat","FALSE",11535,"House of Delegates","gen","FALSE",2019,"VA",51,54,40,"total","11/14/2019 12:00 PM"
"Virginia","91","[Write-in]","","TRUE",54,"House of Delegates","gen","FALSE",2019,"VA",51,54,40,"total","11/14/2019 12:00 PM"
"Virginia","92","Jeion Ward","democrat","FALSE",15608,"House of Delegates","gen","FALSE",2019,"VA",51,54,40,"total","11/14/2019 12:00 PM"
"Virginia","92","[Write-in]","","TRUE",1089,"House of Delegates","gen","FALSE",2019,"VA",51,54,40,"total","11/14/2019 12:00 PM"
"Virginia","93","Heather Cordasco","republican","FALSE",11402,"House of Delegates","gen","FALSE",2019,"VA",51,54,40,"total","11/14/2019 12:00 PM"
"Virginia","93","Michael Mullin","democrat","FALSE",14348,"House of Delegates","gen","FALSE",2019,"VA",51,54,40,"total","11/14/2019 12:00 PM"
"Virginia","93","[Write-in]","","TRUE",31,"House of Delegates","gen","FALSE",2019,"VA",51,54,40,"total","11/14/2019 12:00 PM"
"Virginia","94","David Yancey","republican","FALSE",8070,"House of Delegates","gen","FALSE",2019,"VA",51,54,40,"total","11/14/2019 12:00 PM"
"Virginia","94","Michael Bartley","libertarian","FALSE",376,"House of Delegates","gen","FALSE",2019,"VA",51,54,40,"total","11/14/2019 12:00 PM"
"Virginia","94","Shelly Simonds","democrat","FALSE",11563,"House of Delegates","gen","FALSE",2019,"VA",51,54,40,"total","11/14/2019 12:00 PM"
"Virginia","94","[Write-in]","","TRUE",27,"House of Delegates","gen","FALSE",2019,"VA",51,54,40,"total","11/14/2019 12:00 PM"
"Virginia","95","Marcia Price","democrat","FALSE",11847,"House of Delegates","gen","FALSE",2019,"VA",51,54,40,"total","11/14/2019 12:00 PM"
"Virginia","95","[Write-in]","","TRUE",1288,"House of Delegates","gen","FALSE",2019,"VA",51,54,40,"total","11/14/2019 12:00 PM"
"Virginia","96","Amanda Batten","republican","FALSE",17142,"House of Delegates","gen","FALSE",2019,"VA",51,54,40,"total","11/14/2019 12:00 PM"
"Virginia","96","James Jobe","libertarian","FALSE",357,"House of Delegates","gen","FALSE",2019,"VA",51,54,40,"total","11/14/2019 12:00 PM"
"Virginia","96","Mark Downey","democrat","FALSE",15141,"House of Delegates","gen","FALSE",2019,"VA",51,54,40,"total","11/14/2019 12:00 PM"
"Virginia","96","[Write-in]","","TRUE",26,"House of Delegates","gen","FALSE",2019,"VA",51,54,40,"total","11/14/2019 12:00 PM"
"Virginia","97","Kevin Washington","democrat","FALSE",8717,"House of Delegates","gen","FALSE",2019,"VA",51,54,40,"total","11/14/2019 12:00 PM"
"Virginia","97","Scott Wyatt","republican","FALSE",18279,"House of Delegates","gen","FALSE",2019,"VA",51,54,40,"total","11/14/2019 12:00 PM"
"Virginia","97","[Write-in]","","TRUE",5836,"House of Delegates","gen","FALSE",2019,"VA",51,54,40,"total","11/14/2019 12:00 PM"
"Virginia","98","Elizabeth Webster","democrat","FALSE",8399,"House of Delegates","gen","FALSE",2019,"VA",51,54,40,"total","11/14/2019 12:00 PM"
"Virginia","98","Myron Hodges","republican","FALSE",18703,"House of Delegates","gen","FALSE",2019,"VA",51,54,40,"total","11/14/2019 12:00 PM"
"Virginia","98","[Write-in]","","TRUE",35,"House of Delegates","gen","FALSE",2019,"VA",51,54,40,"total","11/14/2019 12:00 PM"
"Virginia","99","Francis Edwards","democrat","FALSE",10631,"House of Delegates","gen","FALSE",2019,"VA",51,54,40,"total","11/14/2019 12:00 PM"
"Virginia","99","Margaret Ransone","republican","FALSE",17701,"House of Delegates","gen","FALSE",2019,"VA",51,54,40,"total","11/14/2019 12:00 PM"
"Virginia","99","[Write-in]","","TRUE",22,"House of Delegates","gen","FALSE",2019,"VA",51,54,40,"total","11/14/2019 12:00 PM"
"Virginia","1","Taylor Mason","democrat","FALSE",36869,"State Senate","gen","FALSE",2019,"VA",51,54,40,"total","11/14/2019 12:00 PM"
"Virginia","1","[Write-in]","","TRUE",4187,"State Senate","gen","FALSE",2019,"VA",51,54,40,"total","11/14/2019 12:00 PM"
"Virginia","10","Ghazala Hashmi","democrat","FALSE",44287,"State Senate","gen","FALSE",2019,"VA",51,54,40,"total","11/14/2019 12:00 PM"
"Virginia","10","Glen Sturtevant","republican","FALSE",37636,"State Senate","gen","FALSE",2019,"VA",51,54,40,"total","11/14/2019 12:00 PM"
"Virginia","10","[Write-in]","","TRUE",86,"State Senate","gen","FALSE",2019,"VA",51,54,40,"total","11/14/2019 12:00 PM"
"Virginia","11","Amanda Chase","republican","FALSE",44218,"State Senate","gen","FALSE",2019,"VA",51,54,40,"total","11/14/2019 12:00 PM"
"Virginia","11","Amanda Pohl","democrat","FALSE",36706,"State Senate","gen","FALSE",2019,"VA",51,54,40,"total","11/14/2019 12:00 PM"
"Virginia","11","[Write-in]","","TRUE",208,"State Senate","gen","FALSE",2019,"VA",51,54,40,"total","11/14/2019 12:00 PM"
"Virginia","12","Debra Rodman","democrat","FALSE",38401,"State Senate","gen","FALSE",2019,"VA",51,54,40,"total","11/14/2019 12:00 PM"
"Virginia","12","Siobhan Dunnavant","republican","FALSE",39730,"State Senate","gen","FALSE",2019,"VA",51,54,40,"total","11/14/2019 12:00 PM"
"Virginia","12","[Write-in]","","TRUE",160,"State Senate","gen","FALSE",2019,"VA",51,54,40,"total","11/14/2019 12:00 PM"
"Virginia","13","Geary Higgins","republican","FALSE",37645,"State Senate","gen","FALSE",2019,"VA",51,54,40,"total","11/14/2019 12:00 PM"
"Virginia","13","John Bell","democrat","FALSE",44762,"State Senate","gen","FALSE",2019,"VA",51,54,40,"total","11/14/2019 12:00 PM"
"Virginia","13","[Write-in]","","TRUE",109,"State Senate","gen","FALSE",2019,"VA",51,54,40,"total","11/14/2019 12:00 PM"
"Virginia","14","John Cosgrove","republican","FALSE",36370,"State Senate","gen","FALSE",2019,"VA",51,54,40,"total","11/14/2019 12:00 PM"
"Virginia","14","Rebecca Raveson","democrat","FALSE",23949,"State Senate","gen","FALSE",2019,"VA",51,54,40,"total","11/14/2019 12:00 PM"
"Virginia","14","[Write-in]","","TRUE",154,"State Senate","gen","FALSE",2019,"VA",51,54,40,"total","11/14/2019 12:00 PM"
"Virginia","15","Frank Ruff","republican","FALSE",38471,"State Senate","gen","FALSE",2019,"VA",51,54,40,"total","11/14/2019 12:00 PM"
"Virginia","15","Virginia Smith","democrat","FALSE",17793,"State Senate","gen","FALSE",2019,"VA",51,54,40,"total","11/14/2019 12:00 PM"
"Virginia","15","[Write-in]","","TRUE",67,"State Senate","gen","FALSE",2019,"VA",51,54,40,"total","11/14/2019 12:00 PM"
"Virginia","16","Joseph Morrissey","democrat","FALSE",29401,"State Senate","gen","FALSE",2019,"VA",51,54,40,"total","11/14/2019 12:00 PM"
"Virginia","16","Waylin Ross","independent","FALSE",15722,"State Senate","gen","FALSE",2019,"VA",51,54,40,"total","11/14/2019 12:00 PM"
"Virginia","16","[Write-in]","","TRUE",859,"State Senate","gen","FALSE",2019,"VA",51,54,40,"total","11/14/2019 12:00 PM"
"Virginia","17","Amy Laufer","democrat","FALSE",32176,"State Senate","gen","FALSE",2019,"VA",51,54,40,"total","11/14/2019 12:00 PM"
"Virginia","17","Bryce Reeves","republican","FALSE",34494,"State Senate","gen","FALSE",2019,"VA",51,54,40,"total","11/14/2019 12:00 PM"
"Virginia","17","[Write-in]","","TRUE",209,"State Senate","gen","FALSE",2019,"VA",51,54,40,"total","11/14/2019 12:00 PM"
"Virginia","18","Lillie Lucas","democrat","FALSE",43015,"State Senate","gen","FALSE",2019,"VA",51,54,40,"total","11/14/2019 12:00 PM"
"Virginia","18","[Write-in]","","TRUE",3496,"State Senate","gen","FALSE",2019,"VA",51,54,40,"total","11/14/2019 12:00 PM"
"Virginia","19","David Suetterlein","republican","FALSE",41287,"State Senate","gen","FALSE",2019,"VA",51,54,40,"total","11/14/2019 12:00 PM"
"Virginia","19","Flourette Ketner","democrat","FALSE",16481,"State Senate","gen","FALSE",2019,"VA",51,54,40,"total","11/14/2019 12:00 PM"
"Virginia","19","[Write-in]","","TRUE",50,"State Senate","gen","FALSE",2019,"VA",51,54,40,"total","11/14/2019 12:00 PM"
"Virginia","2","Mamie Locke","democrat","FALSE",36551,"State Senate","gen","FALSE",2019,"VA",51,54,40,"total","11/14/2019 12:00 PM"
"Virginia","2","[Write-in]","","TRUE",2851,"State Senate","gen","FALSE",2019,"VA",51,54,40,"total","11/14/2019 12:00 PM"
"Virginia","20","Sherman Witcher","independent","FALSE",13394,"State Senate","gen","FALSE",2019,"VA",51,54,40,"total","11/14/2019 12:00 PM"
"Virginia","20","William Stanley","republican","FALSE",32527,"State Senate","gen","FALSE",2019,"VA",51,54,40,"total","11/14/2019 12:00 PM"
"Virginia","20","[Write-in]","","TRUE",208,"State Senate","gen","FALSE",2019,"VA",51,54,40,"total","11/14/2019 12:00 PM"
"Virginia","21","John Edwards","democrat","FALSE",26877,"State Senate","gen","FALSE",2019,"VA",51,54,40,"total","11/14/2019 12:00 PM"
"Virginia","21","Steven Nelson","independent","FALSE",13882,"State Senate","gen","FALSE",2019,"VA",51,54,40,"total","11/14/2019 12:00 PM"
"Virginia","21","[Write-in]","","TRUE",293,"State Senate","gen","FALSE",2019,"VA",51,54,40,"total","11/14/2019 12:00 PM"
"Virginia","22","Dakota Claytor","democrat","FALSE",22253,"State Senate","gen","FALSE",2019,"VA",51,54,40,"total","11/14/2019 12:00 PM"
"Virginia","22","Mark Peake","republican","FALSE",37628,"State Senate","gen","FALSE",2019,"VA",51,54,40,"total","11/14/2019 12:00 PM"
"Virginia","22","[Write-in]","","TRUE",79,"State Senate","gen","FALSE",2019,"VA",51,54,40,"total","11/14/2019 12:00 PM"
"Virginia","23","Stephen Newman","republican","FALSE",47373,"State Senate","gen","FALSE",2019,"VA",51,54,40,"total","11/14/2019 12:00 PM"
"Virginia","23","[Write-in]","","TRUE",3105,"State Senate","gen","FALSE",2019,"VA",51,54,40,"total","11/14/2019 12:00 PM"
"Virginia","24","Annette Hyde","democrat","FALSE",18733,"State Senate","gen","FALSE",2019,"VA",51,54,40,"total","11/14/2019 12:00 PM"
"Virginia","24","Emmett Hanger","republican","FALSE",46890,"State Senate","gen","FALSE",2019,"VA",51,54,40,"total","11/14/2019 12:00 PM"
"Virginia","24","[Write-in]","","TRUE",443,"State Senate","gen","FALSE",2019,"VA",51,54,40,"total","11/14/2019 12:00 PM"
"Virginia","25","Elliott Harding","independent","FALSE",21318,"State Senate","gen","FALSE",2019,"VA",51,54,40,"total","11/14/2019 12:00 PM"
"Virginia","25","Robert Deeds","democrat","FALSE",44776,"State Senate","gen","FALSE",2019,"VA",51,54,40,"total","11/14/2019 12:00 PM"
"Virginia","25","[Write-in]","","TRUE",245,"State Senate","gen","FALSE",2019,"VA",51,54,40,"total","11/14/2019 12:00 PM"
"Virginia","26","April Moore","democrat","FALSE",19948,"State Senate","gen","FALSE",2019,"VA",51,54,40,"total","11/14/2019 12:00 PM"
"Virginia","26","Mark Obenshain","republican","FALSE",36998,"State Senate","gen","FALSE",2019,"VA",51,54,40,"total","11/14/2019 12:00 PM"
"Virginia","26","[Write-in]","","TRUE",83,"State Senate","gen","FALSE",2019,"VA",51,54,40,"total","11/14/2019 12:00 PM"
"Virginia","27","Jill Vogel","republican","FALSE",43415,"State Senate","gen","FALSE",2019,"VA",51,54,40,"total","11/14/2019 12:00 PM"
"Virginia","27","Ronald Ross","democrat","FALSE",24141,"State Senate","gen","FALSE",2019,"VA",51,54,40,"total","11/14/2019 12:00 PM"
"Virginia","27","[Write-in]","","TRUE",75,"State Senate","gen","FALSE",2019,"VA",51,54,40,"total","11/14/2019 12:00 PM"
"Virginia","28","Qasim Rashid","democrat","FALSE",29696,"State Senate","gen","FALSE",2019,"VA",51,54,40,"total","11/14/2019 12:00 PM"
"Virginia","28","Richard Stuart","republican","FALSE",40193,"State Senate","gen","FALSE",2019,"VA",51,54,40,"total","11/14/2019 12:00 PM"
"Virginia","28","[Write-in]","","TRUE",97,"State Senate","gen","FALSE",2019,"VA",51,54,40,"total","11/14/2019 12:00 PM"
"Virginia","29","Jeremy McPike","democrat","FALSE",35148,"State Senate","gen","FALSE",2019,"VA",51,54,40,"total","11/14/2019 12:00 PM"
"Virginia","29","[Write-in]","","TRUE",3444,"State Senate","gen","FALSE",2019,"VA",51,54,40,"total","11/14/2019 12:00 PM"
"Virginia","3","Herbert Jones","democrat","FALSE",31056,"State Senate","gen","FALSE",2019,"VA",51,54,40,"total","11/14/2019 12:00 PM"
"Virginia","3","Thomas Norment","republican","FALSE",50448,"State Senate","gen","FALSE",2019,"VA",51,54,40,"total","11/14/2019 12:00 PM"
"Virginia","3","[Write-in]","","TRUE",280,"State Senate","gen","FALSE",2019,"VA",51,54,40,"total","11/14/2019 12:00 PM"
"Virginia","30","Adam Ebbin","democrat","FALSE",42837,"State Senate","gen","FALSE",2019,"VA",51,54,40,"total","11/14/2019 12:00 PM"
"Virginia","30","[Write-in]","","TRUE",3895,"State Senate","gen","FALSE",2019,"VA",51,54,40,"total","11/14/2019 12:00 PM"
"Virginia","31","Barbara Favola","democrat","FALSE",46647,"State Senate","gen","FALSE",2019,"VA",51,54,40,"total","11/14/2019 12:00 PM"
"Virginia","31","[Write-in]","","TRUE",4264,"State Senate","gen","FALSE",2019,"VA",51,54,40,"total","11/14/2019 12:00 PM"
"Virginia","32","Arthur Purves","republican","FALSE",17373,"State Senate","gen","FALSE",2019,"VA",51,54,40,"total","11/14/2019 12:00 PM"
"Virginia","32","Janet Howell","democrat","FALSE",48546,"State Senate","gen","FALSE",2019,"VA",51,54,40,"total","11/14/2019 12:00 PM"
"Virginia","32","[Write-in]","","TRUE",127,"State Senate","gen","FALSE",2019,"VA",51,54,40,"total","11/14/2019 12:00 PM"
"Virginia","33","Jennifer Boysko","democrat","FALSE",34513,"State Senate","gen","FALSE",2019,"VA",51,54,40,"total","11/14/2019 12:00 PM"
"Virginia","33","Suzanne Fox","republican","FALSE",18613,"State Senate","gen","FALSE",2019,"VA",51,54,40,"total","11/14/2019 12:00 PM"
"Virginia","33","[Write-in]","","TRUE",63,"State Senate","gen","FALSE",2019,"VA",51,54,40,"total","11/14/2019 12:00 PM"
"Virginia","34","John Petersen","democrat","FALSE",43993,"State Senate","gen","FALSE",2019,"VA",51,54,40,"total","11/14/2019 12:00 PM"
"Virginia","34","[Write-in]","","TRUE",4249,"State Senate","gen","FALSE",2019,"VA",51,54,40,"total","11/14/2019 12:00 PM"
"Virginia","35","Richard Saslaw","democrat","FALSE",35105,"State Senate","gen","FALSE",2019,"VA",51,54,40,"total","11/14/2019 12:00 PM"
"Virginia","35","[Write-in]","","TRUE",2850,"State Senate","gen","FALSE",2019,"VA",51,54,40,"total","11/14/2019 12:00 PM"
"Virginia","36","Scott Surovell","democrat","FALSE",37508,"State Senate","gen","FALSE",2019,"VA",51,54,40,"total","11/14/2019 12:00 PM"
"Virginia","36","[Write-in]","","TRUE",3397,"State Senate","gen","FALSE",2019,"VA",51,54,40,"total","11/14/2019 12:00 PM"
"Virginia","37","David Marsden","democrat","FALSE",41203,"State Senate","gen","FALSE",2019,"VA",51,54,40,"total","11/14/2019 12:00 PM"
"Virginia","37","[Write-in]","","TRUE",4439,"State Senate","gen","FALSE",2019,"VA",51,54,40,"total","11/14/2019 12:00 PM"
"Virginia","38","Augustus Chafin","republican","FALSE",30294,"State Senate","gen","FALSE",2019,"VA",51,54,40,"total","11/14/2019 12:00 PM"
"Virginia","38","George McCall","independent","FALSE",16872,"State Senate","gen","FALSE",2019,"VA",51,54,40,"total","11/14/2019 12:00 PM"
"Virginia","38","[Write-in]","","TRUE",528,"State Senate","gen","FALSE",2019,"VA",51,54,40,"total","11/14/2019 12:00 PM"
"Virginia","39","George Barker","democrat","FALSE",40247,"State Senate","gen","FALSE",2019,"VA",51,54,40,"total","11/14/2019 12:00 PM"
"Virginia","39","Samuel Hillenburg","republican","FALSE",20849,"State Senate","gen","FALSE",2019,"VA",51,54,40,"total","11/14/2019 12:00 PM"
"Virginia","39","[Write-in]","","TRUE",83,"State Senate","gen","FALSE",2019,"VA",51,54,40,"total","11/14/2019 12:00 PM"
"Virginia","4","Raymond Scott","democrat","FALSE",26654,"State Senate","gen","FALSE",2019,"VA",51,54,40,"total","11/14/2019 12:00 PM"
"Virginia","4","Ryan McDougle","republican","FALSE",45714,"State Senate","gen","FALSE",2019,"VA",51,54,40,"total","11/14/2019 12:00 PM"
"Virginia","4","[Write-in]","","TRUE",204,"State Senate","gen","FALSE",2019,"VA",51,54,40,"total","11/14/2019 12:00 PM"
"Virginia","40","Kenneth Heath","independent","FALSE",12271,"State Senate","gen","FALSE",2019,"VA",51,54,40,"total","11/14/2019 12:00 PM"
"Virginia","40","Todd Pillion","republican","FALSE",40122,"State Senate","gen","FALSE",2019,"VA",51,54,40,"total","11/14/2019 12:00 PM"
"Virginia","40","[Write-in]","","TRUE",166,"State Senate","gen","FALSE",2019,"VA",51,54,40,"total","11/14/2019 12:00 PM"
"Virginia","5","Jeffrey Staples","independent","FALSE",7663,"State Senate","gen","FALSE",2019,"VA",51,54,40,"total","11/14/2019 12:00 PM"
"Virginia","5","Lionell Spruill","democrat","FALSE",31222,"State Senate","gen","FALSE",2019,"VA",51,54,40,"total","11/14/2019 12:00 PM"
"Virginia","5","[Write-in]","","TRUE",467,"State Senate","gen","FALSE",2019,"VA",51,54,40,"total","11/14/2019 12:00 PM"
"Virginia","6","Elizabeth Lankford","republican","FALSE",17351,"State Senate","gen","FALSE",2019,"VA",51,54,40,"total","11/14/2019 12:00 PM"
"Virginia","6","Lynwood Lewis","democrat","FALSE",25760,"State Senate","gen","FALSE",2019,"VA",51,54,40,"total","11/14/2019 12:00 PM"
"Virginia","6","[Write-in]","","TRUE",76,"State Senate","gen","FALSE",2019,"VA",51,54,40,"total","11/14/2019 12:00 PM"
"Virginia","7","Cheryl Turpin","democrat","FALSE",29095,"State Senate","gen","FALSE",2019,"VA",51,54,40,"total","11/14/2019 12:00 PM"
"Virginia","7","Jennifer Kiggans","republican","FALSE",29603,"State Senate","gen","FALSE",2019,"VA",51,54,40,"total","11/14/2019 12:00 PM"
"Virginia","7","[Write-in]","","TRUE",97,"State Senate","gen","FALSE",2019,"VA",51,54,40,"total","11/14/2019 12:00 PM"
"Virginia","8","Melissa Cotter Smasal","democrat","FALSE",26242,"State Senate","gen","FALSE",2019,"VA",51,54,40,"total","11/14/2019 12:00 PM"
"Virginia","8","William Desteph","republican","FALSE",28637,"State Senate","gen","FALSE",2019,"VA",51,54,40,"total","11/14/2019 12:00 PM"
"Virginia","8","[Write-in]","","TRUE",94,"State Senate","gen","FALSE",2019,"VA",51,54,40,"total","11/14/2019 12:00 PM"
"Virginia","9","Jennifer McClellan","democrat","FALSE",49665,"State Senate","gen","FALSE",2019,"VA",51,54,40,"total","11/14/2019 12:00 PM"
"Virginia","9","Mark Lewis","libertarian","FALSE",11706,"State Senate","gen","FALSE",2019,"VA",51,54,40,"total","11/14/2019 12:00 PM"
"Virginia","9","[Write-in]","","TRUE",575,"State Senate","gen","FALSE",2019,"VA",51,54,40,"total","11/14/2019 12:00 PM"
