"state","county","votes","candidate","party","office","district","state_po","state_fips","state_cen","state_ic","mode","version","special","writein","stage","year"
"Kentucky","Adair",1626,"Andy Beshear","democrat","Governor","statewide","KY",21,61,51,"total","11/06/2019 3:10 AM","FALSE","FALSE","gen","2019"
"Kentucky","Allen",1649,"Andy Beshear","democrat","Governor","statewide","KY",21,61,51,"total","11/06/2019 3:10 AM","FALSE","FALSE","gen","2019"
"Kentucky","Anderson",3810,"Andy Beshear","democrat","Governor","statewide","KY",21,61,51,"total","11/06/2019 3:10 AM","FALSE","FALSE","gen","2019"
"Kentucky","Ballard",1012,"Andy Beshear","democrat","Governor","statewide","KY",21,61,51,"total","11/06/2019 3:10 AM","FALSE","FALSE","gen","2019"
"Kentucky","Barren",5280,"Andy Beshear","democrat","Governor","statewide","KY",21,61,51,"total","11/06/2019 3:10 AM","FALSE","FALSE","gen","2019"
"Kentucky","Bath",1886,"Andy Beshear","democrat","Governor","statewide","KY",21,61,51,"total","11/06/2019 3:10 AM","FALSE","FALSE","gen","2019"
"Kentucky","Bell",2013,"Andy Beshear","democrat","Governor","statewide","KY",21,61,51,"total","11/06/2019 3:10 AM","FALSE","FALSE","gen","2019"
"Kentucky","Boone",16947,"Andy Beshear","democrat","Governor","statewide","KY",21,61,51,"total","11/06/2019 3:10 AM","FALSE","FALSE","gen","2019"
"Kentucky","Bourbon",3323,"Andy Beshear","democrat","Governor","statewide","KY",21,61,51,"total","11/06/2019 3:10 AM","FALSE","FALSE","gen","2019"
"Kentucky","Boyd",6989,"Andy Beshear","democrat","Governor","statewide","KY",21,61,51,"total","11/06/2019 3:10 AM","FALSE","FALSE","gen","2019"
"Kentucky","Boyle",5099,"Andy Beshear","democrat","Governor","statewide","KY",21,61,51,"total","11/06/2019 3:10 AM","FALSE","FALSE","gen","2019"
"Kentucky","Bracken",1063,"Andy Beshear","democrat","Governor","statewide","KY",21,61,51,"total","11/06/2019 3:10 AM","FALSE","FALSE","gen","2019"
"Kentucky","Breathitt",1889,"Andy Beshear","democrat","Governor","statewide","KY",21,61,51,"total","11/06/2019 3:10 AM","FALSE","FALSE","gen","2019"
"Kentucky","Breckinridge",2775,"Andy Beshear","democrat","Governor","statewide","KY",21,61,51,"total","11/06/2019 3:10 AM","FALSE","FALSE","gen","2019"
"Kentucky","Bullitt",11275,"Andy Beshear","democrat","Governor","statewide","KY",21,61,51,"total","11/06/2019 3:10 AM","FALSE","FALSE","gen","2019"
"Kentucky","Butler",1134,"Andy Beshear","democrat","Governor","statewide","KY",21,61,51,"total","11/06/2019 3:10 AM","FALSE","FALSE","gen","2019"
"Kentucky","Caldwell",1510,"Andy Beshear","democrat","Governor","statewide","KY",21,61,51,"total","11/06/2019 3:10 AM","FALSE","FALSE","gen","2019"
"Kentucky","Calloway",5160,"Andy Beshear","democrat","Governor","statewide","KY",21,61,51,"total","11/06/2019 3:10 AM","FALSE","FALSE","gen","2019"
"Kentucky","Campbell",16352,"Andy Beshear","democrat","Governor","statewide","KY",21,61,51,"total","11/06/2019 3:10 AM","FALSE","FALSE","gen","2019"
"Kentucky","Carlisle",529,"Andy Beshear","democrat","Governor","statewide","KY",21,61,51,"total","11/06/2019 3:10 AM","FALSE","FALSE","gen","2019"
"Kentucky","Carroll",1184,"Andy Beshear","democrat","Governor","statewide","KY",21,61,51,"total","11/06/2019 3:10 AM","FALSE","FALSE","gen","2019"
"Kentucky","Carter",3732,"Andy Beshear","democrat","Governor","statewide","KY",21,61,51,"total","11/06/2019 3:10 AM","FALSE","FALSE","gen","2019"
"Kentucky","Casey",1208,"Andy Beshear","democrat","Governor","statewide","KY",21,61,51,"total","11/06/2019 3:10 AM","FALSE","FALSE","gen","2019"
"Kentucky","Christian",6023,"Andy Beshear","democrat","Governor","statewide","KY",21,61,51,"total","11/06/2019 3:10 AM","FALSE","FALSE","gen","2019"
"Kentucky","Clark",5876,"Andy Beshear","democrat","Governor","statewide","KY",21,61,51,"total","11/06/2019 3:10 AM","FALSE","FALSE","gen","2019"
"Kentucky","Clay",1298,"Andy Beshear","democrat","Governor","statewide","KY",21,61,51,"total","11/06/2019 3:10 AM","FALSE","FALSE","gen","2019"
"Kentucky","Clinton",692,"Andy Beshear","democrat","Governor","statewide","KY",21,61,51,"total","11/06/2019 3:10 AM","FALSE","FALSE","gen","2019"
"Kentucky","Crittenden",916,"Andy Beshear","democrat","Governor","statewide","KY",21,61,51,"total","11/06/2019 3:10 AM","FALSE","FALSE","gen","2019"
"Kentucky","Cumberland",503,"Andy Beshear","democrat","Governor","statewide","KY",21,61,51,"total","11/06/2019 3:10 AM","FALSE","FALSE","gen","2019"
"Kentucky","Daviess",16013,"Andy Beshear","democrat","Governor","statewide","KY",21,61,51,"total","11/06/2019 3:10 AM","FALSE","FALSE","gen","2019"
"Kentucky","Edmonson",1383,"Andy Beshear","democrat","Governor","statewide","KY",21,61,51,"total","11/06/2019 3:10 AM","FALSE","FALSE","gen","2019"
"Kentucky","Elliott",1148,"Andy Beshear","democrat","Governor","statewide","KY",21,61,51,"total","11/06/2019 3:10 AM","FALSE","FALSE","gen","2019"
"Kentucky","Estill",1617,"Andy Beshear","democrat","Governor","statewide","KY",21,61,51,"total","11/06/2019 3:10 AM","FALSE","FALSE","gen","2019"
"Kentucky","Fayette",73397,"Andy Beshear","democrat","Governor","statewide","KY",21,61,51,"total","11/06/2019 3:10 AM","FALSE","FALSE","gen","2019"
"Kentucky","Fleming",1807,"Andy Beshear","democrat","Governor","statewide","KY",21,61,51,"total","11/06/2019 3:10 AM","FALSE","FALSE","gen","2019"
"Kentucky","Floyd",5903,"Andy Beshear","democrat","Governor","statewide","KY",21,61,51,"total","11/06/2019 3:10 AM","FALSE","FALSE","gen","2019"
"Kentucky","Franklin",12888,"Andy Beshear","democrat","Governor","statewide","KY",21,61,51,"total","11/06/2019 3:10 AM","FALSE","FALSE","gen","2019"
"Kentucky","Fulton",589,"Andy Beshear","democrat","Governor","statewide","KY",21,61,51,"total","11/06/2019 3:10 AM","FALSE","FALSE","gen","2019"
"Kentucky","Gallatin",871,"Andy Beshear","democrat","Governor","statewide","KY",21,61,51,"total","11/06/2019 3:10 AM","FALSE","FALSE","gen","2019"
"Kentucky","Garrard",2004,"Andy Beshear","democrat","Governor","statewide","KY",21,61,51,"total","11/06/2019 3:10 AM","FALSE","FALSE","gen","2019"
"Kentucky","Grant",2261,"Andy Beshear","democrat","Governor","statewide","KY",21,61,51,"total","11/06/2019 3:10 AM","FALSE","FALSE","gen","2019"
"Kentucky","Graves",4214,"Andy Beshear","democrat","Governor","statewide","KY",21,61,51,"total","11/06/2019 3:10 AM","FALSE","FALSE","gen","2019"
"Kentucky","Grayson",2621,"Andy Beshear","democrat","Governor","statewide","KY",21,61,51,"total","11/06/2019 3:10 AM","FALSE","FALSE","gen","2019"
"Kentucky","Green",997,"Andy Beshear","democrat","Governor","statewide","KY",21,61,51,"total","11/06/2019 3:10 AM","FALSE","FALSE","gen","2019"
"Kentucky","Greenup",5102,"Andy Beshear","democrat","Governor","statewide","KY",21,61,51,"total","11/06/2019 3:10 AM","FALSE","FALSE","gen","2019"
"Kentucky","Hancock",1891,"Andy Beshear","democrat","Governor","statewide","KY",21,61,51,"total","11/06/2019 3:10 AM","FALSE","FALSE","gen","2019"
"Kentucky","Hardin",14524,"Andy Beshear","democrat","Governor","statewide","KY",21,61,51,"total","11/06/2019 3:10 AM","FALSE","FALSE","gen","2019"
"Kentucky","Harlan",1867,"Andy Beshear","democrat","Governor","statewide","KY",21,61,51,"total","11/06/2019 3:10 AM","FALSE","FALSE","gen","2019"
"Kentucky","Harrison",2535,"Andy Beshear","democrat","Governor","statewide","KY",21,61,51,"total","11/06/2019 3:10 AM","FALSE","FALSE","gen","2019"
"Kentucky","Hart",1997,"Andy Beshear","democrat","Governor","statewide","KY",21,61,51,"total","11/06/2019 3:10 AM","FALSE","FALSE","gen","2019"
"Kentucky","Henderson",6863,"Andy Beshear","democrat","Governor","statewide","KY",21,61,51,"total","11/06/2019 3:10 AM","FALSE","FALSE","gen","2019"
"Kentucky","Henry",2325,"Andy Beshear","democrat","Governor","statewide","KY",21,61,51,"total","11/06/2019 3:10 AM","FALSE","FALSE","gen","2019"
"Kentucky","Hickman",469,"Andy Beshear","democrat","Governor","statewide","KY",21,61,51,"total","11/06/2019 3:10 AM","FALSE","FALSE","gen","2019"
"Kentucky","Hopkins",5411,"Andy Beshear","democrat","Governor","statewide","KY",21,61,51,"total","11/06/2019 3:10 AM","FALSE","FALSE","gen","2019"
"Kentucky","Jackson",749,"Andy Beshear","democrat","Governor","statewide","KY",21,61,51,"total","11/06/2019 3:10 AM","FALSE","FALSE","gen","2019"
"Kentucky","Jefferson",186510,"Andy Beshear","democrat","Governor","statewide","KY",21,61,51,"total","11/06/2019 3:10 AM","FALSE","FALSE","gen","2019"
"Kentucky","Jessamine",8102,"Andy Beshear","democrat","Governor","statewide","KY",21,61,51,"total","11/06/2019 3:10 AM","FALSE","FALSE","gen","2019"
"Kentucky","Johnson",2304,"Andy Beshear","democrat","Governor","statewide","KY",21,61,51,"total","11/06/2019 3:10 AM","FALSE","FALSE","gen","2019"
"Kentucky","Kenton",25479,"Andy Beshear","democrat","Governor","statewide","KY",21,61,51,"total","11/06/2019 3:10 AM","FALSE","FALSE","gen","2019"
"Kentucky","Knott",2096,"Andy Beshear","democrat","Governor","statewide","KY",21,61,51,"total","11/06/2019 3:10 AM","FALSE","FALSE","gen","2019"
"Kentucky","Knox",2658,"Andy Beshear","democrat","Governor","statewide","KY",21,61,51,"total","11/06/2019 3:10 AM","FALSE","FALSE","gen","2019"
"Kentucky","Larue",1744,"Andy Beshear","democrat","Governor","statewide","KY",21,61,51,"total","11/06/2019 3:10 AM","FALSE","FALSE","gen","2019"
"Kentucky","Laurel",4722,"Andy Beshear","democrat","Governor","statewide","KY",21,61,51,"total","11/06/2019 3:10 AM","FALSE","FALSE","gen","2019"
"Kentucky","Lawrence",1515,"Andy Beshear","democrat","Governor","statewide","KY",21,61,51,"total","11/06/2019 3:10 AM","FALSE","FALSE","gen","2019"
"Kentucky","Lee",675,"Andy Beshear","democrat","Governor","statewide","KY",21,61,51,"total","11/06/2019 3:10 AM","FALSE","FALSE","gen","2019"
"Kentucky","Leslie",680,"Andy Beshear","democrat","Governor","statewide","KY",21,61,51,"total","11/06/2019 3:10 AM","FALSE","FALSE","gen","2019"
"Kentucky","Letcher",2626,"Andy Beshear","democrat","Governor","statewide","KY",21,61,51,"total","11/06/2019 3:10 AM","FALSE","FALSE","gen","2019"
"Kentucky","Lewis",948,"Andy Beshear","democrat","Governor","statewide","KY",21,61,51,"total","11/06/2019 3:10 AM","FALSE","FALSE","gen","2019"
"Kentucky","Lincoln",2558,"Andy Beshear","democrat","Governor","statewide","KY",21,61,51,"total","11/06/2019 3:10 AM","FALSE","FALSE","gen","2019"
"Kentucky","Livingston",1205,"Andy Beshear","democrat","Governor","statewide","KY",21,61,51,"total","11/06/2019 3:10 AM","FALSE","FALSE","gen","2019"
"Kentucky","Logan",2817,"Andy Beshear","democrat","Governor","statewide","KY",21,61,51,"total","11/06/2019 3:10 AM","FALSE","FALSE","gen","2019"
"Kentucky","Lyon",1253,"Andy Beshear","democrat","Governor","statewide","KY",21,61,51,"total","11/06/2019 3:10 AM","FALSE","FALSE","gen","2019"
"Kentucky","Madison",15017,"Andy Beshear","democrat","Governor","statewide","KY",21,61,51,"total","11/06/2019 3:10 AM","FALSE","FALSE","gen","2019"
"Kentucky","Magoffin",1968,"Andy Beshear","democrat","Governor","statewide","KY",21,61,51,"total","11/06/2019 3:10 AM","FALSE","FALSE","gen","2019"
"Kentucky","Marion",3155,"Andy Beshear","democrat","Governor","statewide","KY",21,61,51,"total","11/06/2019 3:10 AM","FALSE","FALSE","gen","2019"
"Kentucky","Marshall",4834,"Andy Beshear","democrat","Governor","statewide","KY",21,61,51,"total","11/06/2019 3:10 AM","FALSE","FALSE","gen","2019"
"Kentucky","Martin",554,"Andy Beshear","democrat","Governor","statewide","KY",21,61,51,"total","11/06/2019 3:10 AM","FALSE","FALSE","gen","2019"
"Kentucky","Mason",2246,"Andy Beshear","democrat","Governor","statewide","KY",21,61,51,"total","11/06/2019 3:10 AM","FALSE","FALSE","gen","2019"
"Kentucky","McCracken",9695,"Andy Beshear","democrat","Governor","statewide","KY",21,61,51,"total","11/06/2019 3:10 AM","FALSE","FALSE","gen","2019"
"Kentucky","McCreary",1340,"Andy Beshear","democrat","Governor","statewide","KY",21,61,51,"total","11/06/2019 3:10 AM","FALSE","FALSE","gen","2019"
"Kentucky","McLean",1357,"Andy Beshear","democrat","Governor","statewide","KY",21,61,51,"total","11/06/2019 3:10 AM","FALSE","FALSE","gen","2019"
"Kentucky","Meade",3984,"Andy Beshear","democrat","Governor","statewide","KY",21,61,51,"total","11/06/2019 3:10 AM","FALSE","FALSE","gen","2019"
"Kentucky","Menifee",959,"Andy Beshear","democrat","Governor","statewide","KY",21,61,51,"total","11/06/2019 3:10 AM","FALSE","FALSE","gen","2019"
"Kentucky","Mercer",3541,"Andy Beshear","democrat","Governor","statewide","KY",21,61,51,"total","11/06/2019 3:10 AM","FALSE","FALSE","gen","2019"
"Kentucky","Metcalfe",1495,"Andy Beshear","democrat","Governor","statewide","KY",21,61,51,"total","11/06/2019 3:10 AM","FALSE","FALSE","gen","2019"
"Kentucky","Monroe",837,"Andy Beshear","democrat","Governor","statewide","KY",21,61,51,"total","11/06/2019 3:10 AM","FALSE","FALSE","gen","2019"
"Kentucky","Montgomery",3934,"Andy Beshear","democrat","Governor","statewide","KY",21,61,51,"total","11/06/2019 3:10 AM","FALSE","FALSE","gen","2019"
"Kentucky","Morgan",1726,"Andy Beshear","democrat","Governor","statewide","KY",21,61,51,"total","11/06/2019 3:10 AM","FALSE","FALSE","gen","2019"
"Kentucky","Muhlenberg",4019,"Andy Beshear","democrat","Governor","statewide","KY",21,61,51,"total","11/06/2019 3:10 AM","FALSE","FALSE","gen","2019"
"Kentucky","Nelson",7386,"Andy Beshear","democrat","Governor","statewide","KY",21,61,51,"total","11/06/2019 3:10 AM","FALSE","FALSE","gen","2019"
"Kentucky","Nicholas",1157,"Andy Beshear","democrat","Governor","statewide","KY",21,61,51,"total","11/06/2019 3:10 AM","FALSE","FALSE","gen","2019"
"Kentucky","Ohio",2877,"Andy Beshear","democrat","Governor","statewide","KY",21,61,51,"total","11/06/2019 3:10 AM","FALSE","FALSE","gen","2019"
"Kentucky","Oldham",12115,"Andy Beshear","democrat","Governor","statewide","KY",21,61,51,"total","11/06/2019 3:10 AM","FALSE","FALSE","gen","2019"
"Kentucky","Owen",1419,"Andy Beshear","democrat","Governor","statewide","KY",21,61,51,"total","11/06/2019 3:10 AM","FALSE","FALSE","gen","2019"
"Kentucky","Owsley",402,"Andy Beshear","democrat","Governor","statewide","KY",21,61,51,"total","11/06/2019 3:10 AM","FALSE","FALSE","gen","2019"
"Kentucky","Pendleton",1502,"Andy Beshear","democrat","Governor","statewide","KY",21,61,51,"total","11/06/2019 3:10 AM","FALSE","FALSE","gen","2019"
"Kentucky","Perry",3183,"Andy Beshear","democrat","Governor","statewide","KY",21,61,51,"total","11/06/2019 3:10 AM","FALSE","FALSE","gen","2019"
"Kentucky","Pike",7131,"Andy Beshear","democrat","Governor","statewide","KY",21,61,51,"total","11/06/2019 3:10 AM","FALSE","FALSE","gen","2019"
"Kentucky","Powell",1791,"Andy Beshear","democrat","Governor","statewide","KY",21,61,51,"total","11/06/2019 3:10 AM","FALSE","FALSE","gen","2019"
"Kentucky","Pulaski",5891,"Andy Beshear","democrat","Governor","statewide","KY",21,61,51,"total","11/06/2019 3:10 AM","FALSE","FALSE","gen","2019"
"Kentucky","Robertson",325,"Andy Beshear","democrat","Governor","statewide","KY",21,61,51,"total","11/06/2019 3:10 AM","FALSE","FALSE","gen","2019"
"Kentucky","Rockcastle",1354,"Andy Beshear","democrat","Governor","statewide","KY",21,61,51,"total","11/06/2019 3:10 AM","FALSE","FALSE","gen","2019"
"Kentucky","Rowan",4045,"Andy Beshear","democrat","Governor","statewide","KY",21,61,51,"total","11/06/2019 3:10 AM","FALSE","FALSE","gen","2019"
"Kentucky","Russell",1571,"Andy Beshear","democrat","Governor","statewide","KY",21,61,51,"total","11/06/2019 3:10 AM","FALSE","FALSE","gen","2019"
"Kentucky","Scott",9827,"Andy Beshear","democrat","Governor","statewide","KY",21,61,51,"total","11/06/2019 3:10 AM","FALSE","FALSE","gen","2019"
"Kentucky","Shelby",7380,"Andy Beshear","democrat","Governor","statewide","KY",21,61,51,"total","11/06/2019 3:10 AM","FALSE","FALSE","gen","2019"
"Kentucky","Simpson",2203,"Andy Beshear","democrat","Governor","statewide","KY",21,61,51,"total","11/06/2019 3:10 AM","FALSE","FALSE","gen","2019"
"Kentucky","Spencer",2667,"Andy Beshear","democrat","Governor","statewide","KY",21,61,51,"total","11/06/2019 3:10 AM","FALSE","FALSE","gen","2019"
"Kentucky","Taylor",3093,"Andy Beshear","democrat","Governor","statewide","KY",21,61,51,"total","11/06/2019 3:10 AM","FALSE","FALSE","gen","2019"
"Kentucky","Todd",1037,"Andy Beshear","democrat","Governor","statewide","KY",21,61,51,"total","11/06/2019 3:10 AM","FALSE","FALSE","gen","2019"
"Kentucky","Trigg",1622,"Andy Beshear","democrat","Governor","statewide","KY",21,61,51,"total","11/06/2019 3:10 AM","FALSE","FALSE","gen","2019"
"Kentucky","Trimble",1057,"Andy Beshear","democrat","Governor","statewide","KY",21,61,51,"total","11/06/2019 3:10 AM","FALSE","FALSE","gen","2019"
"Kentucky","Union",1800,"Andy Beshear","democrat","Governor","statewide","KY",21,61,51,"total","11/06/2019 3:10 AM","FALSE","FALSE","gen","2019"
"Kentucky","Warren",18249,"Andy Beshear","democrat","Governor","statewide","KY",21,61,51,"total","11/06/2019 3:10 AM","FALSE","FALSE","gen","2019"
"Kentucky","Washington",1839,"Andy Beshear","democrat","Governor","statewide","KY",21,61,51,"total","11/06/2019 3:10 AM","FALSE","FALSE","gen","2019"
"Kentucky","Wayne",1983,"Andy Beshear","democrat","Governor","statewide","KY",21,61,51,"total","11/06/2019 3:10 AM","FALSE","FALSE","gen","2019"
"Kentucky","Webster",1495,"Andy Beshear","democrat","Governor","statewide","KY",21,61,51,"total","11/06/2019 3:10 AM","FALSE","FALSE","gen","2019"
"Kentucky","Whitley",2995,"Andy Beshear","democrat","Governor","statewide","KY",21,61,51,"total","11/06/2019 3:10 AM","FALSE","FALSE","gen","2019"
"Kentucky","Wolfe",1194,"Andy Beshear","democrat","Governor","statewide","KY",21,61,51,"total","11/06/2019 3:10 AM","FALSE","FALSE","gen","2019"
"Kentucky","Woodford",6235,"Andy Beshear","democrat","Governor","statewide","KY",21,61,51,"total","11/06/2019 3:10 AM","FALSE","FALSE","gen","2019"
"Kentucky","Adair",3946,"Matt Bevin","republican","Governor","statewide","KY",21,61,51,"total","11/06/2019 3:10 AM","FALSE","FALSE","gen","2019"
"Kentucky","Allen",3564,"Matt Bevin","republican","Governor","statewide","KY",21,61,51,"total","11/06/2019 3:10 AM","FALSE","FALSE","gen","2019"
"Kentucky","Anderson",5143,"Matt Bevin","republican","Governor","statewide","KY",21,61,51,"total","11/06/2019 3:10 AM","FALSE","FALSE","gen","2019"
"Kentucky","Ballard",2010,"Matt Bevin","republican","Governor","statewide","KY",21,61,51,"total","11/06/2019 3:10 AM","FALSE","FALSE","gen","2019"
"Kentucky","Barren",7693,"Matt Bevin","republican","Governor","statewide","KY",21,61,51,"total","11/06/2019 3:10 AM","FALSE","FALSE","gen","2019"
"Kentucky","Bath",1672,"Matt Bevin","republican","Governor","statewide","KY",21,61,51,"total","11/06/2019 3:10 AM","FALSE","FALSE","gen","2019"
"Kentucky","Bell",3398,"Matt Bevin","republican","Governor","statewide","KY",21,61,51,"total","11/06/2019 3:10 AM","FALSE","FALSE","gen","2019"
"Kentucky","Boone",23000,"Matt Bevin","republican","Governor","statewide","KY",21,61,51,"total","11/06/2019 3:10 AM","FALSE","FALSE","gen","2019"
"Kentucky","Bourbon",3463,"Matt Bevin","republican","Governor","statewide","KY",21,61,51,"total","11/06/2019 3:10 AM","FALSE","FALSE","gen","2019"
"Kentucky","Boyd",6182,"Matt Bevin","republican","Governor","statewide","KY",21,61,51,"total","11/06/2019 3:10 AM","FALSE","FALSE","gen","2019"
"Kentucky","Boyle",5103,"Matt Bevin","republican","Governor","statewide","KY",21,61,51,"total","11/06/2019 3:10 AM","FALSE","FALSE","gen","2019"
"Kentucky","Bracken",1367,"Matt Bevin","republican","Governor","statewide","KY",21,61,51,"total","11/06/2019 3:10 AM","FALSE","FALSE","gen","2019"
"Kentucky","Breathitt",1820,"Matt Bevin","republican","Governor","statewide","KY",21,61,51,"total","11/06/2019 3:10 AM","FALSE","FALSE","gen","2019"
"Kentucky","Breckinridge",3897,"Matt Bevin","republican","Governor","statewide","KY",21,61,51,"total","11/06/2019 3:10 AM","FALSE","FALSE","gen","2019"
"Kentucky","Bullitt",14517,"Matt Bevin","republican","Governor","statewide","KY",21,61,51,"total","11/06/2019 3:10 AM","FALSE","FALSE","gen","2019"
"Kentucky","Butler",2574,"Matt Bevin","republican","Governor","statewide","KY",21,61,51,"total","11/06/2019 3:10 AM","FALSE","FALSE","gen","2019"
"Kentucky","Caldwell",2843,"Matt Bevin","republican","Governor","statewide","KY",21,61,51,"total","11/06/2019 3:10 AM","FALSE","FALSE","gen","2019"
"Kentucky","Calloway",6344,"Matt Bevin","republican","Governor","statewide","KY",21,61,51,"total","11/06/2019 3:10 AM","FALSE","FALSE","gen","2019"
"Kentucky","Campbell",14587,"Matt Bevin","republican","Governor","statewide","KY",21,61,51,"total","11/06/2019 3:10 AM","FALSE","FALSE","gen","2019"
"Kentucky","Carlisle",1331,"Matt Bevin","republican","Governor","statewide","KY",21,61,51,"total","11/06/2019 3:10 AM","FALSE","FALSE","gen","2019"
"Kentucky","Carroll",1374,"Matt Bevin","republican","Governor","statewide","KY",21,61,51,"total","11/06/2019 3:10 AM","FALSE","FALSE","gen","2019"
"Kentucky","Carter",3442,"Matt Bevin","republican","Governor","statewide","KY",21,61,51,"total","11/06/2019 3:10 AM","FALSE","FALSE","gen","2019"
"Kentucky","Casey",3530,"Matt Bevin","republican","Governor","statewide","KY",21,61,51,"total","11/06/2019 3:10 AM","FALSE","FALSE","gen","2019"
"Kentucky","Christian",7974,"Matt Bevin","republican","Governor","statewide","KY",21,61,51,"total","11/06/2019 3:10 AM","FALSE","FALSE","gen","2019"
"Kentucky","Clark",6777,"Matt Bevin","republican","Governor","statewide","KY",21,61,51,"total","11/06/2019 3:10 AM","FALSE","FALSE","gen","2019"
"Kentucky","Clay",3225,"Matt Bevin","republican","Governor","statewide","KY",21,61,51,"total","11/06/2019 3:10 AM","FALSE","FALSE","gen","2019"
"Kentucky","Clinton",2047,"Matt Bevin","republican","Governor","statewide","KY",21,61,51,"total","11/06/2019 3:10 AM","FALSE","FALSE","gen","2019"
"Kentucky","Crittenden",1977,"Matt Bevin","republican","Governor","statewide","KY",21,61,51,"total","11/06/2019 3:10 AM","FALSE","FALSE","gen","2019"
"Kentucky","Cumberland",1418,"Matt Bevin","republican","Governor","statewide","KY",21,61,51,"total","11/06/2019 3:10 AM","FALSE","FALSE","gen","2019"
"Kentucky","Daviess",17238,"Matt Bevin","republican","Governor","statewide","KY",21,61,51,"total","11/06/2019 3:10 AM","FALSE","FALSE","gen","2019"
"Kentucky","Edmonson",2284,"Matt Bevin","republican","Governor","statewide","KY",21,61,51,"total","11/06/2019 3:10 AM","FALSE","FALSE","gen","2019"
"Kentucky","Elliott",752,"Matt Bevin","republican","Governor","statewide","KY",21,61,51,"total","11/06/2019 3:10 AM","FALSE","FALSE","gen","2019"
"Kentucky","Estill",2427,"Matt Bevin","republican","Governor","statewide","KY",21,61,51,"total","11/06/2019 3:10 AM","FALSE","FALSE","gen","2019"
"Kentucky","Fayette",36915,"Matt Bevin","republican","Governor","statewide","KY",21,61,51,"total","11/06/2019 3:10 AM","FALSE","FALSE","gen","2019"
"Kentucky","Fleming",2818,"Matt Bevin","republican","Governor","statewide","KY",21,61,51,"total","11/06/2019 3:10 AM","FALSE","FALSE","gen","2019"
"Kentucky","Floyd",5048,"Matt Bevin","republican","Governor","statewide","KY",21,61,51,"total","11/06/2019 3:10 AM","FALSE","FALSE","gen","2019"
"Kentucky","Franklin",7570,"Matt Bevin","republican","Governor","statewide","KY",21,61,51,"total","11/06/2019 3:10 AM","FALSE","FALSE","gen","2019"
"Kentucky","Fulton",857,"Matt Bevin","republican","Governor","statewide","KY",21,61,51,"total","11/06/2019 3:10 AM","FALSE","FALSE","gen","2019"
"Kentucky","Gallatin",1238,"Matt Bevin","republican","Governor","statewide","KY",21,61,51,"total","11/06/2019 3:10 AM","FALSE","FALSE","gen","2019"
"Kentucky","Garrard",3676,"Matt Bevin","republican","Governor","statewide","KY",21,61,51,"total","11/06/2019 3:10 AM","FALSE","FALSE","gen","2019"
"Kentucky","Grant",4010,"Matt Bevin","republican","Governor","statewide","KY",21,61,51,"total","11/06/2019 3:10 AM","FALSE","FALSE","gen","2019"
"Kentucky","Graves",8278,"Matt Bevin","republican","Governor","statewide","KY",21,61,51,"total","11/06/2019 3:10 AM","FALSE","FALSE","gen","2019"
"Kentucky","Grayson",5319,"Matt Bevin","republican","Governor","statewide","KY",21,61,51,"total","11/06/2019 3:10 AM","FALSE","FALSE","gen","2019"
"Kentucky","Green",2743,"Matt Bevin","republican","Governor","statewide","KY",21,61,51,"total","11/06/2019 3:10 AM","FALSE","FALSE","gen","2019"
"Kentucky","Greenup",5905,"Matt Bevin","republican","Governor","statewide","KY",21,61,51,"total","11/06/2019 3:10 AM","FALSE","FALSE","gen","2019"
"Kentucky","Hancock",1650,"Matt Bevin","republican","Governor","statewide","KY",21,61,51,"total","11/06/2019 3:10 AM","FALSE","FALSE","gen","2019"
"Kentucky","Hardin",16018,"Matt Bevin","republican","Governor","statewide","KY",21,61,51,"total","11/06/2019 3:10 AM","FALSE","FALSE","gen","2019"
"Kentucky","Harlan",4468,"Matt Bevin","republican","Governor","statewide","KY",21,61,51,"total","11/06/2019 3:10 AM","FALSE","FALSE","gen","2019"
"Kentucky","Harrison",3253,"Matt Bevin","republican","Governor","statewide","KY",21,61,51,"total","11/06/2019 3:10 AM","FALSE","FALSE","gen","2019"
"Kentucky","Hart",3143,"Matt Bevin","republican","Governor","statewide","KY",21,61,51,"total","11/06/2019 3:10 AM","FALSE","FALSE","gen","2019"
"Kentucky","Henderson",6303,"Matt Bevin","republican","Governor","statewide","KY",21,61,51,"total","11/06/2019 3:10 AM","FALSE","FALSE","gen","2019"
"Kentucky","Henry",3070,"Matt Bevin","republican","Governor","statewide","KY",21,61,51,"total","11/06/2019 3:10 AM","FALSE","FALSE","gen","2019"
"Kentucky","Hickman",1072,"Matt Bevin","republican","Governor","statewide","KY",21,61,51,"total","11/06/2019 3:10 AM","FALSE","FALSE","gen","2019"
"Kentucky","Hopkins",8077,"Matt Bevin","republican","Governor","statewide","KY",21,61,51,"total","11/06/2019 3:10 AM","FALSE","FALSE","gen","2019"
"Kentucky","Jackson",3214,"Matt Bevin","republican","Governor","statewide","KY",21,61,51,"total","11/06/2019 3:10 AM","FALSE","FALSE","gen","2019"
"Kentucky","Jefferson",87738,"Matt Bevin","republican","Governor","statewide","KY",21,61,51,"total","11/06/2019 3:10 AM","FALSE","FALSE","gen","2019"
"Kentucky","Jessamine",10363,"Matt Bevin","republican","Governor","statewide","KY",21,61,51,"total","11/06/2019 3:10 AM","FALSE","FALSE","gen","2019"
"Kentucky","Johnson",3988,"Matt Bevin","republican","Governor","statewide","KY",21,61,51,"total","11/06/2019 3:10 AM","FALSE","FALSE","gen","2019"
"Kentucky","Kenton",24936,"Matt Bevin","republican","Governor","statewide","KY",21,61,51,"total","11/06/2019 3:10 AM","FALSE","FALSE","gen","2019"
"Kentucky","Knott",2052,"Matt Bevin","republican","Governor","statewide","KY",21,61,51,"total","11/06/2019 3:10 AM","FALSE","FALSE","gen","2019"
"Kentucky","Knox",5346,"Matt Bevin","republican","Governor","statewide","KY",21,61,51,"total","11/06/2019 3:10 AM","FALSE","FALSE","gen","2019"
"Kentucky","Larue",2835,"Matt Bevin","republican","Governor","statewide","KY",21,61,51,"total","11/06/2019 3:10 AM","FALSE","FALSE","gen","2019"
"Kentucky","Laurel",12667,"Matt Bevin","republican","Governor","statewide","KY",21,61,51,"total","11/06/2019 3:10 AM","FALSE","FALSE","gen","2019"
"Kentucky","Lawrence",2417,"Matt Bevin","republican","Governor","statewide","KY",21,61,51,"total","11/06/2019 3:10 AM","FALSE","FALSE","gen","2019"
"Kentucky","Lee",1321,"Matt Bevin","republican","Governor","statewide","KY",21,61,51,"total","11/06/2019 3:10 AM","FALSE","FALSE","gen","2019"
"Kentucky","Leslie",2289,"Matt Bevin","republican","Governor","statewide","KY",21,61,51,"total","11/06/2019 3:10 AM","FALSE","FALSE","gen","2019"
"Kentucky","Letcher",3089,"Matt Bevin","republican","Governor","statewide","KY",21,61,51,"total","11/06/2019 3:10 AM","FALSE","FALSE","gen","2019"
"Kentucky","Lewis",2424,"Matt Bevin","republican","Governor","statewide","KY",21,61,51,"total","11/06/2019 3:10 AM","FALSE","FALSE","gen","2019"
"Kentucky","Lincoln",4430,"Matt Bevin","republican","Governor","statewide","KY",21,61,51,"total","11/06/2019 3:10 AM","FALSE","FALSE","gen","2019"
"Kentucky","Livingston",2084,"Matt Bevin","republican","Governor","statewide","KY",21,61,51,"total","11/06/2019 3:10 AM","FALSE","FALSE","gen","2019"
"Kentucky","Logan",4393,"Matt Bevin","republican","Governor","statewide","KY",21,61,51,"total","11/06/2019 3:10 AM","FALSE","FALSE","gen","2019"
"Kentucky","Lyon",1779,"Matt Bevin","republican","Governor","statewide","KY",21,61,51,"total","11/06/2019 3:10 AM","FALSE","FALSE","gen","2019"
"Kentucky","Madison",14943,"Matt Bevin","republican","Governor","statewide","KY",21,61,51,"total","11/06/2019 3:10 AM","FALSE","FALSE","gen","2019"
"Kentucky","Magoffin",1629,"Matt Bevin","republican","Governor","statewide","KY",21,61,51,"total","11/06/2019 3:10 AM","FALSE","FALSE","gen","2019"
"Kentucky","Marion",2787,"Matt Bevin","republican","Governor","statewide","KY",21,61,51,"total","11/06/2019 3:10 AM","FALSE","FALSE","gen","2019"
"Kentucky","Marshall",7526,"Matt Bevin","republican","Governor","statewide","KY",21,61,51,"total","11/06/2019 3:10 AM","FALSE","FALSE","gen","2019"
"Kentucky","Martin",1596,"Matt Bevin","republican","Governor","statewide","KY",21,61,51,"total","11/06/2019 3:10 AM","FALSE","FALSE","gen","2019"
"Kentucky","Mason",2719,"Matt Bevin","republican","Governor","statewide","KY",21,61,51,"total","11/06/2019 3:10 AM","FALSE","FALSE","gen","2019"
"Kentucky","McCracken",13252,"Matt Bevin","republican","Governor","statewide","KY",21,61,51,"total","11/06/2019 3:10 AM","FALSE","FALSE","gen","2019"
"Kentucky","McCreary",3181,"Matt Bevin","republican","Governor","statewide","KY",21,61,51,"total","11/06/2019 3:10 AM","FALSE","FALSE","gen","2019"
"Kentucky","McLean",2117,"Matt Bevin","republican","Governor","statewide","KY",21,61,51,"total","11/06/2019 3:10 AM","FALSE","FALSE","gen","2019"
"Kentucky","Meade",4787,"Matt Bevin","republican","Governor","statewide","KY",21,61,51,"total","11/06/2019 3:10 AM","FALSE","FALSE","gen","2019"
"Kentucky","Menifee",1113,"Matt Bevin","republican","Governor","statewide","KY",21,61,51,"total","11/06/2019 3:10 AM","FALSE","FALSE","gen","2019"
"Kentucky","Mercer",4718,"Matt Bevin","republican","Governor","statewide","KY",21,61,51,"total","11/06/2019 3:10 AM","FALSE","FALSE","gen","2019"
"Kentucky","Metcalfe",2264,"Matt Bevin","republican","Governor","statewide","KY",21,61,51,"total","11/06/2019 3:10 AM","FALSE","FALSE","gen","2019"
"Kentucky","Monroe",2482,"Matt Bevin","republican","Governor","statewide","KY",21,61,51,"total","11/06/2019 3:10 AM","FALSE","FALSE","gen","2019"
"Kentucky","Montgomery",4745,"Matt Bevin","republican","Governor","statewide","KY",21,61,51,"total","11/06/2019 3:10 AM","FALSE","FALSE","gen","2019"
"Kentucky","Morgan",1929,"Matt Bevin","republican","Governor","statewide","KY",21,61,51,"total","11/06/2019 3:10 AM","FALSE","FALSE","gen","2019"
"Kentucky","Muhlenberg",4551,"Matt Bevin","republican","Governor","statewide","KY",21,61,51,"total","11/06/2019 3:10 AM","FALSE","FALSE","gen","2019"
"Kentucky","Nelson",7511,"Matt Bevin","republican","Governor","statewide","KY",21,61,51,"total","11/06/2019 3:10 AM","FALSE","FALSE","gen","2019"
"Kentucky","Nicholas",1134,"Matt Bevin","republican","Governor","statewide","KY",21,61,51,"total","11/06/2019 3:10 AM","FALSE","FALSE","gen","2019"
"Kentucky","Ohio",4040,"Matt Bevin","republican","Governor","statewide","KY",21,61,51,"total","11/06/2019 3:10 AM","FALSE","FALSE","gen","2019"
"Kentucky","Oldham",13488,"Matt Bevin","republican","Governor","statewide","KY",21,61,51,"total","11/06/2019 3:10 AM","FALSE","FALSE","gen","2019"
"Kentucky","Owen",2195,"Matt Bevin","republican","Governor","statewide","KY",21,61,51,"total","11/06/2019 3:10 AM","FALSE","FALSE","gen","2019"
"Kentucky","Owsley",932,"Matt Bevin","republican","Governor","statewide","KY",21,61,51,"total","11/06/2019 3:10 AM","FALSE","FALSE","gen","2019"
"Kentucky","Pendleton",2547,"Matt Bevin","republican","Governor","statewide","KY",21,61,51,"total","11/06/2019 3:10 AM","FALSE","FALSE","gen","2019"
"Kentucky","Perry",3855,"Matt Bevin","republican","Governor","statewide","KY",21,61,51,"total","11/06/2019 3:10 AM","FALSE","FALSE","gen","2019"
"Kentucky","Pike",9011,"Matt Bevin","republican","Governor","statewide","KY",21,61,51,"total","11/06/2019 3:10 AM","FALSE","FALSE","gen","2019"
"Kentucky","Powell",1997,"Matt Bevin","republican","Governor","statewide","KY",21,61,51,"total","11/06/2019 3:10 AM","FALSE","FALSE","gen","2019"
"Kentucky","Pulaski",14756,"Matt Bevin","republican","Governor","statewide","KY",21,61,51,"total","11/06/2019 3:10 AM","FALSE","FALSE","gen","2019"
"Kentucky","Robertson",430,"Matt Bevin","republican","Governor","statewide","KY",21,61,51,"total","11/06/2019 3:10 AM","FALSE","FALSE","gen","2019"
"Kentucky","Rockcastle",3481,"Matt Bevin","republican","Governor","statewide","KY",21,61,51,"total","11/06/2019 3:10 AM","FALSE","FALSE","gen","2019"
"Kentucky","Rowan",2744,"Matt Bevin","republican","Governor","statewide","KY",21,61,51,"total","11/06/2019 3:10 AM","FALSE","FALSE","gen","2019"
"Kentucky","Russell",4252,"Matt Bevin","republican","Governor","statewide","KY",21,61,51,"total","11/06/2019 3:10 AM","FALSE","FALSE","gen","2019"
"Kentucky","Scott",9730,"Matt Bevin","republican","Governor","statewide","KY",21,61,51,"total","11/06/2019 3:10 AM","FALSE","FALSE","gen","2019"
"Kentucky","Shelby",9062,"Matt Bevin","republican","Governor","statewide","KY",21,61,51,"total","11/06/2019 3:10 AM","FALSE","FALSE","gen","2019"
"Kentucky","Simpson",2457,"Matt Bevin","republican","Governor","statewide","KY",21,61,51,"total","11/06/2019 3:10 AM","FALSE","FALSE","gen","2019"
"Kentucky","Spencer",4664,"Matt Bevin","republican","Governor","statewide","KY",21,61,51,"total","11/06/2019 3:10 AM","FALSE","FALSE","gen","2019"
"Kentucky","Taylor",5143,"Matt Bevin","republican","Governor","statewide","KY",21,61,51,"total","11/06/2019 3:10 AM","FALSE","FALSE","gen","2019"
"Kentucky","Todd",1713,"Matt Bevin","republican","Governor","statewide","KY",21,61,51,"total","11/06/2019 3:10 AM","FALSE","FALSE","gen","2019"
"Kentucky","Trigg",2839,"Matt Bevin","republican","Governor","statewide","KY",21,61,51,"total","11/06/2019 3:10 AM","FALSE","FALSE","gen","2019"
"Kentucky","Trimble",1580,"Matt Bevin","republican","Governor","statewide","KY",21,61,51,"total","11/06/2019 3:10 AM","FALSE","FALSE","gen","2019"
"Kentucky","Union",2483,"Matt Bevin","republican","Governor","statewide","KY",21,61,51,"total","11/06/2019 3:10 AM","FALSE","FALSE","gen","2019"
"Kentucky","Warren",17118,"Matt Bevin","republican","Governor","statewide","KY",21,61,51,"total","11/06/2019 3:10 AM","FALSE","FALSE","gen","2019"
"Kentucky","Washington",2522,"Matt Bevin","republican","Governor","statewide","KY",21,61,51,"total","11/06/2019 3:10 AM","FALSE","FALSE","gen","2019"
"Kentucky","Wayne",3472,"Matt Bevin","republican","Governor","statewide","KY",21,61,51,"total","11/06/2019 3:10 AM","FALSE","FALSE","gen","2019"
"Kentucky","Webster",2271,"Matt Bevin","republican","Governor","statewide","KY",21,61,51,"total","11/06/2019 3:10 AM","FALSE","FALSE","gen","2019"
"Kentucky","Whitley",6672,"Matt Bevin","republican","Governor","statewide","KY",21,61,51,"total","11/06/2019 3:10 AM","FALSE","FALSE","gen","2019"
"Kentucky","Wolfe",958,"Matt Bevin","republican","Governor","statewide","KY",21,61,51,"total","11/06/2019 3:10 AM","FALSE","FALSE","gen","2019"
"Kentucky","Woodford",5277,"Matt Bevin","republican","Governor","statewide","KY",21,61,51,"total","11/06/2019 3:10 AM","FALSE","FALSE","gen","2019"
"Kentucky","Adair",99,"John Hicks","libertarian","Governor","statewide","KY",21,61,51,"total","11/06/2019 3:10 AM","FALSE","FALSE","gen","2019"
"Kentucky","Allen",96,"John Hicks","libertarian","Governor","statewide","KY",21,61,51,"total","11/06/2019 3:10 AM","FALSE","FALSE","gen","2019"
"Kentucky","Anderson",220,"John Hicks","libertarian","Governor","statewide","KY",21,61,51,"total","11/06/2019 3:10 AM","FALSE","FALSE","gen","2019"
"Kentucky","Ballard",54,"John Hicks","libertarian","Governor","statewide","KY",21,61,51,"total","11/06/2019 3:10 AM","FALSE","FALSE","gen","2019"
"Kentucky","Barren",256,"John Hicks","libertarian","Governor","statewide","KY",21,61,51,"total","11/06/2019 3:10 AM","FALSE","FALSE","gen","2019"
"Kentucky","Bath",70,"John Hicks","libertarian","Governor","statewide","KY",21,61,51,"total","11/06/2019 3:10 AM","FALSE","FALSE","gen","2019"
"Kentucky","Bell",98,"John Hicks","libertarian","Governor","statewide","KY",21,61,51,"total","11/06/2019 3:10 AM","FALSE","FALSE","gen","2019"
"Kentucky","Boone",970,"John Hicks","libertarian","Governor","statewide","KY",21,61,51,"total","11/06/2019 3:10 AM","FALSE","FALSE","gen","2019"
"Kentucky","Bourbon",123,"John Hicks","libertarian","Governor","statewide","KY",21,61,51,"total","11/06/2019 3:10 AM","FALSE","FALSE","gen","2019"
"Kentucky","Boyd",331,"John Hicks","libertarian","Governor","statewide","KY",21,61,51,"total","11/06/2019 3:10 AM","FALSE","FALSE","gen","2019"
"Kentucky","Boyle",198,"John Hicks","libertarian","Governor","statewide","KY",21,61,51,"total","11/06/2019 3:10 AM","FALSE","FALSE","gen","2019"
"Kentucky","Bracken",102,"John Hicks","libertarian","Governor","statewide","KY",21,61,51,"total","11/06/2019 3:10 AM","FALSE","FALSE","gen","2019"
"Kentucky","Breathitt",53,"John Hicks","libertarian","Governor","statewide","KY",21,61,51,"total","11/06/2019 3:10 AM","FALSE","FALSE","gen","2019"
"Kentucky","Breckinridge",175,"John Hicks","libertarian","Governor","statewide","KY",21,61,51,"total","11/06/2019 3:10 AM","FALSE","FALSE","gen","2019"
"Kentucky","Bullitt",700,"John Hicks","libertarian","Governor","statewide","KY",21,61,51,"total","11/06/2019 3:10 AM","FALSE","FALSE","gen","2019"
"Kentucky","Butler",73,"John Hicks","libertarian","Governor","statewide","KY",21,61,51,"total","11/06/2019 3:10 AM","FALSE","FALSE","gen","2019"
"Kentucky","Caldwell",72,"John Hicks","libertarian","Governor","statewide","KY",21,61,51,"total","11/06/2019 3:10 AM","FALSE","FALSE","gen","2019"
"Kentucky","Calloway",251,"John Hicks","libertarian","Governor","statewide","KY",21,61,51,"total","11/06/2019 3:10 AM","FALSE","FALSE","gen","2019"
"Kentucky","Campbell",638,"John Hicks","libertarian","Governor","statewide","KY",21,61,51,"total","11/06/2019 3:10 AM","FALSE","FALSE","gen","2019"
"Kentucky","Carlisle",34,"John Hicks","libertarian","Governor","statewide","KY",21,61,51,"total","11/06/2019 3:10 AM","FALSE","FALSE","gen","2019"
"Kentucky","Carroll",65,"John Hicks","libertarian","Governor","statewide","KY",21,61,51,"total","11/06/2019 3:10 AM","FALSE","FALSE","gen","2019"
"Kentucky","Carter",227,"John Hicks","libertarian","Governor","statewide","KY",21,61,51,"total","11/06/2019 3:10 AM","FALSE","FALSE","gen","2019"
"Kentucky","Casey",66,"John Hicks","libertarian","Governor","statewide","KY",21,61,51,"total","11/06/2019 3:10 AM","FALSE","FALSE","gen","2019"
"Kentucky","Christian",296,"John Hicks","libertarian","Governor","statewide","KY",21,61,51,"total","11/06/2019 3:10 AM","FALSE","FALSE","gen","2019"
"Kentucky","Clark",238,"John Hicks","libertarian","Governor","statewide","KY",21,61,51,"total","11/06/2019 3:10 AM","FALSE","FALSE","gen","2019"
"Kentucky","Clay",96,"John Hicks","libertarian","Governor","statewide","KY",21,61,51,"total","11/06/2019 3:10 AM","FALSE","FALSE","gen","2019"
"Kentucky","Clinton",45,"John Hicks","libertarian","Governor","statewide","KY",21,61,51,"total","11/06/2019 3:10 AM","FALSE","FALSE","gen","2019"
"Kentucky","Crittenden",66,"John Hicks","libertarian","Governor","statewide","KY",21,61,51,"total","11/06/2019 3:10 AM","FALSE","FALSE","gen","2019"
"Kentucky","Cumberland",33,"John Hicks","libertarian","Governor","statewide","KY",21,61,51,"total","11/06/2019 3:10 AM","FALSE","FALSE","gen","2019"
"Kentucky","Daviess",805,"John Hicks","libertarian","Governor","statewide","KY",21,61,51,"total","11/06/2019 3:10 AM","FALSE","FALSE","gen","2019"
"Kentucky","Edmonson",59,"John Hicks","libertarian","Governor","statewide","KY",21,61,51,"total","11/06/2019 3:10 AM","FALSE","FALSE","gen","2019"
"Kentucky","Elliott",42,"John Hicks","libertarian","Governor","statewide","KY",21,61,51,"total","11/06/2019 3:10 AM","FALSE","FALSE","gen","2019"
"Kentucky","Estill",91,"John Hicks","libertarian","Governor","statewide","KY",21,61,51,"total","11/06/2019 3:10 AM","FALSE","FALSE","gen","2019"
"Kentucky","Fayette",1719,"John Hicks","libertarian","Governor","statewide","KY",21,61,51,"total","11/06/2019 3:10 AM","FALSE","FALSE","gen","2019"
"Kentucky","Fleming",81,"John Hicks","libertarian","Governor","statewide","KY",21,61,51,"total","11/06/2019 3:10 AM","FALSE","FALSE","gen","2019"
"Kentucky","Floyd",279,"John Hicks","libertarian","Governor","statewide","KY",21,61,51,"total","11/06/2019 3:10 AM","FALSE","FALSE","gen","2019"
"Kentucky","Franklin",493,"John Hicks","libertarian","Governor","statewide","KY",21,61,51,"total","11/06/2019 3:10 AM","FALSE","FALSE","gen","2019"
"Kentucky","Fulton",18,"John Hicks","libertarian","Governor","statewide","KY",21,61,51,"total","11/06/2019 3:10 AM","FALSE","FALSE","gen","2019"
"Kentucky","Gallatin",69,"John Hicks","libertarian","Governor","statewide","KY",21,61,51,"total","11/06/2019 3:10 AM","FALSE","FALSE","gen","2019"
"Kentucky","Garrard",119,"John Hicks","libertarian","Governor","statewide","KY",21,61,51,"total","11/06/2019 3:10 AM","FALSE","FALSE","gen","2019"
"Kentucky","Grant",154,"John Hicks","libertarian","Governor","statewide","KY",21,61,51,"total","11/06/2019 3:10 AM","FALSE","FALSE","gen","2019"
"Kentucky","Graves",315,"John Hicks","libertarian","Governor","statewide","KY",21,61,51,"total","11/06/2019 3:10 AM","FALSE","FALSE","gen","2019"
"Kentucky","Grayson",201,"John Hicks","libertarian","Governor","statewide","KY",21,61,51,"total","11/06/2019 3:10 AM","FALSE","FALSE","gen","2019"
"Kentucky","Green",67,"John Hicks","libertarian","Governor","statewide","KY",21,61,51,"total","11/06/2019 3:10 AM","FALSE","FALSE","gen","2019"
"Kentucky","Greenup",259,"John Hicks","libertarian","Governor","statewide","KY",21,61,51,"total","11/06/2019 3:10 AM","FALSE","FALSE","gen","2019"
"Kentucky","Hancock",113,"John Hicks","libertarian","Governor","statewide","KY",21,61,51,"total","11/06/2019 3:10 AM","FALSE","FALSE","gen","2019"
"Kentucky","Hardin",710,"John Hicks","libertarian","Governor","statewide","KY",21,61,51,"total","11/06/2019 3:10 AM","FALSE","FALSE","gen","2019"
"Kentucky","Harlan",136,"John Hicks","libertarian","Governor","statewide","KY",21,61,51,"total","11/06/2019 3:10 AM","FALSE","FALSE","gen","2019"
"Kentucky","Harrison",120,"John Hicks","libertarian","Governor","statewide","KY",21,61,51,"total","11/06/2019 3:10 AM","FALSE","FALSE","gen","2019"
"Kentucky","Hart",116,"John Hicks","libertarian","Governor","statewide","KY",21,61,51,"total","11/06/2019 3:10 AM","FALSE","FALSE","gen","2019"
"Kentucky","Henderson",225,"John Hicks","libertarian","Governor","statewide","KY",21,61,51,"total","11/06/2019 3:10 AM","FALSE","FALSE","gen","2019"
"Kentucky","Henry",110,"John Hicks","libertarian","Governor","statewide","KY",21,61,51,"total","11/06/2019 3:10 AM","FALSE","FALSE","gen","2019"
"Kentucky","Hickman",22,"John Hicks","libertarian","Governor","statewide","KY",21,61,51,"total","11/06/2019 3:10 AM","FALSE","FALSE","gen","2019"
"Kentucky","Hopkins",304,"John Hicks","libertarian","Governor","statewide","KY",21,61,51,"total","11/06/2019 3:10 AM","FALSE","FALSE","gen","2019"
"Kentucky","Jackson",86,"John Hicks","libertarian","Governor","statewide","KY",21,61,51,"total","11/06/2019 3:10 AM","FALSE","FALSE","gen","2019"
"Kentucky","Jefferson",4170,"John Hicks","libertarian","Governor","statewide","KY",21,61,51,"total","11/06/2019 3:10 AM","FALSE","FALSE","gen","2019"
"Kentucky","Jessamine",360,"John Hicks","libertarian","Governor","statewide","KY",21,61,51,"total","11/06/2019 3:10 AM","FALSE","FALSE","gen","2019"
"Kentucky","Johnson",192,"John Hicks","libertarian","Governor","statewide","KY",21,61,51,"total","11/06/2019 3:10 AM","FALSE","FALSE","gen","2019"
"Kentucky","Kenton",1082,"John Hicks","libertarian","Governor","statewide","KY",21,61,51,"total","11/06/2019 3:10 AM","FALSE","FALSE","gen","2019"
"Kentucky","Knott",92,"John Hicks","libertarian","Governor","statewide","KY",21,61,51,"total","11/06/2019 3:10 AM","FALSE","FALSE","gen","2019"
"Kentucky","Knox",169,"John Hicks","libertarian","Governor","statewide","KY",21,61,51,"total","11/06/2019 3:10 AM","FALSE","FALSE","gen","2019"
"Kentucky","Larue",121,"John Hicks","libertarian","Governor","statewide","KY",21,61,51,"total","11/06/2019 3:10 AM","FALSE","FALSE","gen","2019"
"Kentucky","Laurel",397,"John Hicks","libertarian","Governor","statewide","KY",21,61,51,"total","11/06/2019 3:10 AM","FALSE","FALSE","gen","2019"
"Kentucky","Lawrence",71,"John Hicks","libertarian","Governor","statewide","KY",21,61,51,"total","11/06/2019 3:10 AM","FALSE","FALSE","gen","2019"
"Kentucky","Lee",47,"John Hicks","libertarian","Governor","statewide","KY",21,61,51,"total","11/06/2019 3:10 AM","FALSE","FALSE","gen","2019"
"Kentucky","Leslie",51,"John Hicks","libertarian","Governor","statewide","KY",21,61,51,"total","11/06/2019 3:10 AM","FALSE","FALSE","gen","2019"
"Kentucky","Letcher",139,"John Hicks","libertarian","Governor","statewide","KY",21,61,51,"total","11/06/2019 3:10 AM","FALSE","FALSE","gen","2019"
"Kentucky","Lewis",103,"John Hicks","libertarian","Governor","statewide","KY",21,61,51,"total","11/06/2019 3:10 AM","FALSE","FALSE","gen","2019"
"Kentucky","Lincoln",154,"John Hicks","libertarian","Governor","statewide","KY",21,61,51,"total","11/06/2019 3:10 AM","FALSE","FALSE","gen","2019"
"Kentucky","Livingston",55,"John Hicks","libertarian","Governor","statewide","KY",21,61,51,"total","11/06/2019 3:10 AM","FALSE","FALSE","gen","2019"
"Kentucky","Logan",165,"John Hicks","libertarian","Governor","statewide","KY",21,61,51,"total","11/06/2019 3:10 AM","FALSE","FALSE","gen","2019"
"Kentucky","Lyon",43,"John Hicks","libertarian","Governor","statewide","KY",21,61,51,"total","11/06/2019 3:10 AM","FALSE","FALSE","gen","2019"
"Kentucky","Madison",705,"John Hicks","libertarian","Governor","statewide","KY",21,61,51,"total","11/06/2019 3:10 AM","FALSE","FALSE","gen","2019"
"Kentucky","Magoffin",77,"John Hicks","libertarian","Governor","statewide","KY",21,61,51,"total","11/06/2019 3:10 AM","FALSE","FALSE","gen","2019"
"Kentucky","Marion",119,"John Hicks","libertarian","Governor","statewide","KY",21,61,51,"total","11/06/2019 3:10 AM","FALSE","FALSE","gen","2019"
"Kentucky","Marshall",290,"John Hicks","libertarian","Governor","statewide","KY",21,61,51,"total","11/06/2019 3:10 AM","FALSE","FALSE","gen","2019"
"Kentucky","Martin",55,"John Hicks","libertarian","Governor","statewide","KY",21,61,51,"total","11/06/2019 3:10 AM","FALSE","FALSE","gen","2019"
"Kentucky","Mason",111,"John Hicks","libertarian","Governor","statewide","KY",21,61,51,"total","11/06/2019 3:10 AM","FALSE","FALSE","gen","2019"
"Kentucky","McCracken",355,"John Hicks","libertarian","Governor","statewide","KY",21,61,51,"total","11/06/2019 3:10 AM","FALSE","FALSE","gen","2019"
"Kentucky","McCreary",126,"John Hicks","libertarian","Governor","statewide","KY",21,61,51,"total","11/06/2019 3:10 AM","FALSE","FALSE","gen","2019"
"Kentucky","McLean",95,"John Hicks","libertarian","Governor","statewide","KY",21,61,51,"total","11/06/2019 3:10 AM","FALSE","FALSE","gen","2019"
"Kentucky","Meade",246,"John Hicks","libertarian","Governor","statewide","KY",21,61,51,"total","11/06/2019 3:10 AM","FALSE","FALSE","gen","2019"
"Kentucky","Menifee",44,"John Hicks","libertarian","Governor","statewide","KY",21,61,51,"total","11/06/2019 3:10 AM","FALSE","FALSE","gen","2019"
"Kentucky","Mercer",152,"John Hicks","libertarian","Governor","statewide","KY",21,61,51,"total","11/06/2019 3:10 AM","FALSE","FALSE","gen","2019"
"Kentucky","Metcalfe",101,"John Hicks","libertarian","Governor","statewide","KY",21,61,51,"total","11/06/2019 3:10 AM","FALSE","FALSE","gen","2019"
"Kentucky","Monroe",61,"John Hicks","libertarian","Governor","statewide","KY",21,61,51,"total","11/06/2019 3:10 AM","FALSE","FALSE","gen","2019"
"Kentucky","Montgomery",144,"John Hicks","libertarian","Governor","statewide","KY",21,61,51,"total","11/06/2019 3:10 AM","FALSE","FALSE","gen","2019"
"Kentucky","Morgan",96,"John Hicks","libertarian","Governor","statewide","KY",21,61,51,"total","11/06/2019 3:10 AM","FALSE","FALSE","gen","2019"
"Kentucky","Muhlenberg",160,"John Hicks","libertarian","Governor","statewide","KY",21,61,51,"total","11/06/2019 3:10 AM","FALSE","FALSE","gen","2019"
"Kentucky","Nelson",331,"John Hicks","libertarian","Governor","statewide","KY",21,61,51,"total","11/06/2019 3:10 AM","FALSE","FALSE","gen","2019"
"Kentucky","Nicholas",47,"John Hicks","libertarian","Governor","statewide","KY",21,61,51,"total","11/06/2019 3:10 AM","FALSE","FALSE","gen","2019"
"Kentucky","Ohio",224,"John Hicks","libertarian","Governor","statewide","KY",21,61,51,"total","11/06/2019 3:10 AM","FALSE","FALSE","gen","2019"
"Kentucky","Oldham",551,"John Hicks","libertarian","Governor","statewide","KY",21,61,51,"total","11/06/2019 3:10 AM","FALSE","FALSE","gen","2019"
"Kentucky","Owen",68,"John Hicks","libertarian","Governor","statewide","KY",21,61,51,"total","11/06/2019 3:10 AM","FALSE","FALSE","gen","2019"
"Kentucky","Owsley",32,"John Hicks","libertarian","Governor","statewide","KY",21,61,51,"total","11/06/2019 3:10 AM","FALSE","FALSE","gen","2019"
"Kentucky","Pendleton",92,"John Hicks","libertarian","Governor","statewide","KY",21,61,51,"total","11/06/2019 3:10 AM","FALSE","FALSE","gen","2019"
"Kentucky","Perry",114,"John Hicks","libertarian","Governor","statewide","KY",21,61,51,"total","11/06/2019 3:10 AM","FALSE","FALSE","gen","2019"
"Kentucky","Pike",466,"John Hicks","libertarian","Governor","statewide","KY",21,61,51,"total","11/06/2019 3:10 AM","FALSE","FALSE","gen","2019"
"Kentucky","Powell",78,"John Hicks","libertarian","Governor","statewide","KY",21,61,51,"total","11/06/2019 3:10 AM","FALSE","FALSE","gen","2019"
"Kentucky","Pulaski",419,"John Hicks","libertarian","Governor","statewide","KY",21,61,51,"total","11/06/2019 3:10 AM","FALSE","FALSE","gen","2019"
"Kentucky","Robertson",16,"John Hicks","libertarian","Governor","statewide","KY",21,61,51,"total","11/06/2019 3:10 AM","FALSE","FALSE","gen","2019"
"Kentucky","Rockcastle",102,"John Hicks","libertarian","Governor","statewide","KY",21,61,51,"total","11/06/2019 3:10 AM","FALSE","FALSE","gen","2019"
"Kentucky","Rowan",130,"John Hicks","libertarian","Governor","statewide","KY",21,61,51,"total","11/06/2019 3:10 AM","FALSE","FALSE","gen","2019"
"Kentucky","Russell",105,"John Hicks","libertarian","Governor","statewide","KY",21,61,51,"total","11/06/2019 3:10 AM","FALSE","FALSE","gen","2019"
"Kentucky","Scott",458,"John Hicks","libertarian","Governor","statewide","KY",21,61,51,"total","11/06/2019 3:10 AM","FALSE","FALSE","gen","2019"
"Kentucky","Shelby",343,"John Hicks","libertarian","Governor","statewide","KY",21,61,51,"total","11/06/2019 3:10 AM","FALSE","FALSE","gen","2019"
"Kentucky","Simpson",80,"John Hicks","libertarian","Governor","statewide","KY",21,61,51,"total","11/06/2019 3:10 AM","FALSE","FALSE","gen","2019"
"Kentucky","Spencer",161,"John Hicks","libertarian","Governor","statewide","KY",21,61,51,"total","11/06/2019 3:10 AM","FALSE","FALSE","gen","2019"
"Kentucky","Taylor",153,"John Hicks","libertarian","Governor","statewide","KY",21,61,51,"total","11/06/2019 3:10 AM","FALSE","FALSE","gen","2019"
"Kentucky","Todd",80,"John Hicks","libertarian","Governor","statewide","KY",21,61,51,"total","11/06/2019 3:10 AM","FALSE","FALSE","gen","2019"
"Kentucky","Trigg",84,"John Hicks","libertarian","Governor","statewide","KY",21,61,51,"total","11/06/2019 3:10 AM","FALSE","FALSE","gen","2019"
"Kentucky","Trimble",69,"John Hicks","libertarian","Governor","statewide","KY",21,61,51,"total","11/06/2019 3:10 AM","FALSE","FALSE","gen","2019"
"Kentucky","Union",98,"John Hicks","libertarian","Governor","statewide","KY",21,61,51,"total","11/06/2019 3:10 AM","FALSE","FALSE","gen","2019"
"Kentucky","Warren",558,"John Hicks","libertarian","Governor","statewide","KY",21,61,51,"total","11/06/2019 3:10 AM","FALSE","FALSE","gen","2019"
"Kentucky","Washington",96,"John Hicks","libertarian","Governor","statewide","KY",21,61,51,"total","11/06/2019 3:10 AM","FALSE","FALSE","gen","2019"
"Kentucky","Wayne",90,"John Hicks","libertarian","Governor","statewide","KY",21,61,51,"total","11/06/2019 3:10 AM","FALSE","FALSE","gen","2019"
"Kentucky","Webster",90,"John Hicks","libertarian","Governor","statewide","KY",21,61,51,"total","11/06/2019 3:10 AM","FALSE","FALSE","gen","2019"
"Kentucky","Whitley",218,"John Hicks","libertarian","Governor","statewide","KY",21,61,51,"total","11/06/2019 3:10 AM","FALSE","FALSE","gen","2019"
"Kentucky","Wolfe",39,"John Hicks","libertarian","Governor","statewide","KY",21,61,51,"total","11/06/2019 3:10 AM","FALSE","FALSE","gen","2019"
"Kentucky","Woodford",227,"John Hicks","libertarian","Governor","statewide","KY",21,61,51,"total","11/06/2019 3:10 AM","FALSE","FALSE","gen","2019"
